,,,,,,,,,,,,,,,,REDDIT,ALL-IN,ESPN,TSN,DURABILITE,REDDIT,NHL,ESPN,TSN,PRODUCTION,,,,,,CONST/EVOL,,,,,,,,,GP,PTS,"PTS
/GP","$
/PTS",PP,,,,"""+""",TOT
Tier,Defenseur,TM,AGE,12,13,14,15,16,GP (17),12,13,14,15,16,PTS (17),,,,,GP ('18),,,,,PTS ('18),12,13,14,15,16,PTS/GP ('17),$/PTS *,PPTOI,ATOI,PDO,STAT,SALARY,END,Commentaire,,,,,,CONST,EVOL,PDO,,
,Subban P.K. ,MTL,28,81,42,82,82,68,66,36,38,53,60,51,40,,,,71,71 ,,49,45,49,48 ,0.44,0.90,0.65,0.73,0.75,0.61,"181,098",2.55,24.4,986,,"9,000,000",22,,4,5.0,8,1.5,2.3,4,2,1.4,,28.11969697
x,Burns Brent ,SJS,32,81,30,69,82,82,82,37,20,48,60,75,76,,,,82,82 ,,72,74,70,72 ,0.46,0.67,0.70,0.73,0.91,0.93,"105,263",3.36,24.93,1019,,"8,000,000",25,,4,7.6,8,4.5,3.0,4,3,-1.9,,32.2
x,Hedman Victor ,TBL,27,61,44,75,59,78,79,23,20,55,38,47,72,,,,78,78 ,,65,62,60,62 ,0.38,0.45,0.73,0.64,0.60,0.91,"105,373",2.95,24.5,1031,,"7,875,000",25,,4,7.5,8,4.5,2.3,3,4,-3.1,,30.12341772
,Weber Shea ,MTL,32,78,48,79,78,78,78,49,28,56,45,51,42,,,,78,78 ,,44,44,46,45 ,0.63,0.58,0.71,0.58,0.65,0.54,"177,949",3.15,25.07,1025,,"7,857,142",26,,4,4.4,8,3,3.0,3,2,-2.5,,24.91538462
x,Byfuglien Dustin,WPG,32,66,43,78,69,81,80,53,28,56,45,53,52,,,,78,78 ,,49,51,51,50 ,0.80,0.65,0.72,0.65,0.65,0.65,"142,589",3.17,27.45,997,,"7,600,000",21,,4,5.3,8,3,3.0,4,2,0.3,,29.63
,Suter Ryan ,MIN,33,79,48,82,77,82,82,46,32,43,38,51,40,,,,81,81 ,,44,35,41,40 ,0.58,0.67,0.52,0.49,0.62,0.49,"188,462",2.70,26.93,1029,,"7,538,461",25,,4,4.0,6,1.5,2.3,4,2,-2.9,,20.85
,Ekblad Aaron,FLA,21,,,,81,78,68,,,,39,36,21,,,,75,75 ,,39,32,30,34 ,,,,0.48,0.46,0.31,"296,167",2.74,21.47,973,,"7,500,000",25,,4,2.5,6,1.5,2.3,3,3,2.7,,24.98235294
,Letang Kris ,PIT,30,51,35,37,69,71,41,42,38,22,54,67,34,,,,60,60 ,,52,45,48,48 ,0.82,1.09,0.59,0.78,0.94,0.83,"106,618",3.60,25.52,999,,"7,250,000",22,,3,6.8,8,4.5,3.0,3,3,0.1,,31.4
,Doughty Drew ,LAK,28,77,48,78,82,82,82,36,22,37,46,51,44,,,,82,82 ,,47,39,51,46 ,0.47,0.46,0.47,0.56,0.62,0.54,"159,091",3.21,27.15,1005,,"7,000,000",19,,4,4.4,8,3,3.0,4,2,-0.5,,27.9
,Phaneuf Dion ,OTT,32,82,48,80,70,71,81,44,28,31,29,32,30,,,,77,77 ,,32,30,30,31 ,0.54,0.58,0.39,0.41,0.45,0.37,"230,488",2.52,23.03,1000,,"7,000,000",21,,4,3.0,6,1.5,2.3,4,2,0,,22.78703704
x,Chara Zdeno ,BOS,40,79,48,77,63,80,75,52,19,40,20,37,29,,,,73,73 ,,31,29,29,30 ,0.66,0.40,0.52,0.32,0.46,0.39,"218,146",0.47,23.22,1000,,"6,916,667",18,,4,3.2,6,1.5,1.5,3,3,0,,22.17066667
,Seabrook Brent ,CHI,32,78,47,82,82,81,79,34,20,41,31,49,39,,,,80,80 ,,42,37,40,40 ,0.44,0.43,0.50,0.38,0.60,0.49,"169,833",2.60,21.88,1019,,"6,875,000",24,,4,4.0,6,3,2.3,3,3,-1.9,,23.39810127
x,Giordano Mark ,CGY,34,61,47,64,61,82,81,27,15,47,48,56,39,,,,76,76 ,,44,42,46,44 ,0.44,0.32,0.73,0.79,0.68,0.48,"170,966",2.51,23.58,1013,,"6,750,000",22,,4,3.9,6,3,2.3,3,1,-1.3,,21.89814815
,Carrick Trevor,CAR,23,,,,,2,,,,,,0,,,,,,0 ,,,,,0 ,,,,,0.00,,,,,1000,,"6,670,000",18,,1,0.0,2,0,0.8,2,3,0,,8.75
x,Shattenkirk Kevin,NYR,29,81,48,81,56,72,80,43,23,45,44,44,56,,,,79,79 ,,54,52,47,51 ,0.53,0.48,0.56,0.79,0.61,0.70,"115,854",3.12,19.93,1016,,"6,650,000",21,,4,5.7,8,4.5,3.0,3,2,-1.6,,28.64
x,Karlsson Erik ,OTT,27,81,17,82,82,82,77,78,14,74,66,82,71,,,,75,75 ,,73,76,70,73 ,0.96,0.82,0.90,0.80,1.00,0.92,"85,967",3.55,26.83,1013,,"6,500,000",19,,4,7.6,8,4.5,3.0,3,3,-1.3,,31.76103896
x,Pietrangelo Alex ,STL,28,81,47,81,81,73,80,51,24,51,46,37,48,,,,78,78 ,,50,57,44,50 ,0.63,0.51,0.63,0.57,0.51,0.60,"132,114",2.49,25.28,1018,,"6,500,000",20,,4,4.9,8,3,2.3,4,3,-1.8,,27.37
x,Yandle Keith ,FLA,31,82,48,82,84,82,82,43,30,53,52,47,41,,,,82,82 ,,40,42,45,42 ,0.52,0.63,0.65,0.62,0.57,0.50,"154,878",2.94,22.03,998,,"6,350,000",23,,4,4.1,8,3,2.3,4,2,0.2,,27.55
,Green Mike ,DET,32,32,35,70,72,74,72,7,26,38,45,35,36,,,,73,73 ,,33,35,38,35 ,0.22,0.74,0.54,0.63,0.47,0.50,"146,341",2.62,23.55,997,,"6,000,000",18,,4,4.1,8,3,2.3,4,2,0.3,,27.65
,Johnson Erik ,COL,29,73,31,80,47,73,46,26,4,39,23,27,17,,,,74,74 ,,30,30,29,30 ,0.36,0.13,0.49,0.49,0.37,0.37,"197,991",2.11,22.07,959,,"6,000,000",23,,3,3.0,6,1.5,2.3,4,2,4.1,,25.88043478
,Boychuk Johnny ,NYI,34,77,44,75,72,70,66,15,6,23,35,25,23,,,,,0 ,,,27,,27 ,0.19,0.14,0.31,0.49,0.36,0.35,"209,968",1.68,20.73,1006,,"6,000,000",22,,4,2.9,6,1.5,2.3,3,2,-0.6,,21.00757576
x,Hamilton Dougie ,CGY,24, ,42,64,72,82,81, ,16,25,42,43,50,,,,79,79 ,,46,52,48,49 ,,0.38,0.39,0.58,0.52,0.62,"113,598",2.26,19.68,1008,,"5,750,000",21,,4,5.1,8,4.5,2.3,3,3,-0.8,,29.0117284
,Niskanen Matt ,WSH,31,75,40,81,82,82,78,21,14,46,31,32,39,,,,80,80 ,,34,29,36,33 ,0.28,0.35,0.57,0.38,0.39,0.50,"140,244",1.84,22.18,1013,,"5,750,000",21,,4,4.1,8,3,2.3,3,3,-1.3,,26.05
,Enstrom Tobias ,WPG,33,62,22,82,60,72,60,33,15,30,23,16,14,,,,,0 ,,,,,0 ,0.53,0.68,0.37,0.38,0.22,0.23,"300,523",1.51,21.9,987,,"5,750,000",18,,4,1.9,4,1.5,2.3,4,2,1.3,,20.96333333
,Staal Marc ,NYR,31,46,21,72,80,77,72,5,11,14,20,15,10,,,,,0 ,,,,,0 ,0.11,0.52,0.19,0.25,0.19,0.14,"500,488",0.09,19.18,1001,,"5,700,000",21,,4,1.1,2,1.5,1.5,4,2,-0.1,,16.03888889
x,Keith Duncan ,CHI,34,74,47,79,80,67,80,40,27,61,45,43,53,,,,77,77 ,,50,50,49,50 ,0.54,0.57,0.77,0.56,0.64,0.66,"101,951",3.02,25.62,1017,,"5,538,461",20,,4,5.4,8,4.5,3.0,3,3,-1.7,,29.2325
x,Ekman-Larsson Oliver,ARI,26,82,48,80,82,75,79,32,24,44,43,55,39,,,,79,79 ,,50,47,44,47 ,0.39,0.50,0.55,0.52,0.73,0.49,"135,866",3.57,24.62,1000,,"5,500,000",19,,4,4.0,6,3,3.0,3,2,0,,25.04810127
x,Leddy Nick ,NYI,26,82,48,82,78,81,81,37,18,31,37,40,46,,,,80,80 ,,46,49,44,46 ,0.45,0.38,0.38,0.47,0.49,0.57,"118,107",2.95,22.72,1013,,"5,500,000",22,,4,4.7,8,4.5,2.3,4,3,-1.3,,29.10679012
x,Barrie Tyson ,COL,26,10,32,64,80,78,74,0,13,38,53,49,38,,,,77,77 ,,42,41,44,42 ,,0.41,0.59,0.66,0.63,0.51,"130,616",2.96,23.3,972,,"5,500,000",20,,4,4.2,8,3,2.3,4,2,2.8,,30.26081081
x,Schultz Justin ,PIT,27,,48,74,81,63,78,,27,33,31,18,51,,,,75,75 ,,41,49,35,42 ,,0.56,0.45,0.38,0.29,0.65,"102,582",2.68,20.45,1039,,"5,500,000",20,,4,5.4,8,4.5,2.3,2,4,-3.9,,26.21153846
x,Parayko Colton,STL,24,,,,,79,81,,,,,33,35,,,,80,80 ,,38,43,39,40 ,,,,,0.42,0.43,"155,226",1.77,21.2,1009,,"5,500,000",22,PTW,4,3.5,6,3,2.3,3,4,-0.9,,24.89320988
,Petry Jeff ,MTL,30,73,48,80,78,51,80,25,12,17,22,16,28,,,,,0 ,,34,31,,33 ,0.34,0.25,0.21,0.28,0.31,0.35,"191,638",1.83,22.12,1001,,"5,500,000",21,,4,2.9,6,1.5,2.3,4,3,-0.1,,23.52
,Myers Tyler ,WPG,28,55,39,62,71,73,11,23,8,22,28,27,5,,,,76,76 ,,,31,30,31 ,0.42,0.21,0.35,0.39,0.37,0.45,"147,561",1.77,22.2,1062,,"5,500,000",19,,3,3.7,6,3,2.3,4,3,-5,,19.97727273
,Orpik Brooks ,WSH,37,73,46,72,78,41,79,18,8,13,19,10,14,,,,,0 ,,,18,,18 ,0.25,0.17,0.18,0.24,0.24,0.18,"378,484",0.05,17.78,1019,,"5,500,000",19,,4,1.5,4,1.5,1.5,4,2,-1.9,,16.55316456
,Sekera Andrej ,EDM,31,69,37,74,73,81,80,13,12,44,23,30,35,,,,,0 ,,,,,0 ,0.19,0.32,0.59,0.32,0.37,0.44,"153,310",2.17,21.45,1018,,"5,500,000",21,,4,3.6,6,3,2.3,3,3,-1.8,,23.0375
,Girardi Dan ,NYR,33,82,46,81,82,74,63,29,14,24,20,17,15,,,,,0 ,,,,,0 ,0.35,0.30,0.30,0.24,0.23,0.24,"281,707",0.06,19.1,1012,,"5,500,000",20,,4,2.0,4,1.5,1.5,4,2,-1.2,,17.75238095
x,Goligoski Alex ,ARI,32,71,47,81,81,82,82,30,27,42,36,37,36,,,,81,81 ,,30,40,36,35 ,0.42,0.57,0.52,0.44,0.45,0.44,"152,083",2.20,23.33,994,,"5,475,000",21,,4,3.6,6,3,2.3,4,2,0.6,,25.45
x,Ristolainen Rasmus,BUF,23, , ,34,78,82,79, , ,4,20,41,45,,,,80,80 ,,50,45,47,47 ,,,0.12,0.26,0.50,0.57,"115,610",3.08,26.47,1016,,"5,400,000",22,,4,4.7,8,4.5,3.0,3,4,-1.6,,29.57088608
x,Jones Seth ,CBJ,23,, ,77,82,81,75,, ,25,27,31,42,,,,78,78 ,,41,46,37,41 ,,,0.32,0.33,0.38,0.56,"117,596",1.68,23.4,994,,"5,400,000",22,,4,4.6,8,4.5,2.3,4,4,0.6,,31.942
,Bouwmeester Jay ,STL,34,82,47,82,72,72,81,29,22,37,13,19,15,,,,,0 ,,,,,0 ,0.35,0.47,0.45,0.18,0.26,0.19,"355,610",0.22,22.4,1013,,"5,400,000",19,,4,1.5,4,1.5,1.5,3,3,-1.3,,17.21851852
x,Krug Torey ,BOS,26,,,79,78,81,81,,,40,39,44,51,,,,80,80 ,,46,53,49,49 ,,,0.51,0.50,0.54,0.63,"101,686",3.17,21.47,984,,"5,250,000",20,,4,5.2,8,4.5,3.0,4,3,1.6,,33.26296296
,Lindholm Hampus,ANA,24, , ,78,78,80,66, , ,30,34,28,20,,,,,0 ,,,33,,33 ,,,0.38,0.44,0.35,0.30,"209,492",1.90,22.45,1009,,"5,205,556",22,,4,2.5,6,1.5,2.3,4,2,-0.9,,21.33484848
,Spurgeon Jared ,MIN,28,70,39,67,66,77,76,23,15,26,25,29,38,,,,74,74 ,,35,39,30,35 ,0.33,0.38,0.39,0.38,0.38,0.50,"126,524",2.23,24.03,1027,,"5,187,500",20,,4,4.1,8,3,2.3,4,3,-2.7,,25.65
,Bogosian Zach ,BUF,27,65,33,55,62,64,56,30,14,11,20,24,11,,,,,0 ,,,,,0 ,0.46,0.42,0.20,0.32,0.38,0.20,"319,290",0.19,20.08,978,,"5,142,857",20,,3,1.6,4,1.5,1.5,3,2,2.2,,18.81071429
x,Orlov Dmitry,WSH,26,,,,,82,82,,,,,29,33,,,,82,82 ,,38,36,34,36 ,,,,,0.35,0.40,"154,545",1.20,19.53,1030,,"5,100,000",23,PTW,4,3.3,6,3,1.5,3,4,-3,,21.8
x,Rielly Morgan ,TOR,23, , ,73,81,82,76, , ,27,29,36,27,,,,79,79 ,,34,41,34,36 ,,,0.37,0.36,0.44,0.36,"171,635",0.98,22.05,982,,"5,000,000",22,SLEEPER,4,2.9,6,3,1.5,4,2,1.8,,25.21315789
,Edler Alexander ,VAN,31,82,45,63,74,52,68,49,22,22,31,20,21,,,,,0 ,,32,26,,29 ,0.60,0.49,0.35,0.42,0.38,0.31,"197,445",2.05,24.32,980,,"5,000,000",19,,3,2.5,6,1.5,2.3,4,2,2,,23.28235294
,Greene Andy ,NJD,35,56,48,82,82,82,66,16,16,32,22,13,13,,,,,0 ,,,,,0 ,0.29,0.33,0.39,0.27,0.16,0.20,"309,568",1.25,21.75,986,,"5,000,000",20,,4,1.6,4,1.5,1.5,4,2,1.4,,20.01515152
,MacDonald Andrew ,PHI,31,75,48,82,58,28,73,19,12,28,12,8,18,,,,,0 ,,,,,0 ,0.25,0.25,0.34,0.21,0.29,0.25,"247,290",0.14,20.1,973,,"5,000,000",20,,3,2.0,4,1.5,1.5,4,3,2.7,-3,18.72191781
,DeKeyser Danny ,DET,27,,11,65,80,78,82,,1,23,31,20,12,,,,,0 ,,,,,0 ,,,0.35,0.39,0.26,0.15,"416,667",0.65,21.93,968,,"5,000,000",22,,4,1.2,2,1.5,1.5,4,1,3.2,,18.4
,Methot Marc ,OTT,32,46,47,75,45,69,68,7,11,23,11,12,12,,,,,0 ,,,,,0 ,0.15,0.23,0.31,0.24,0.17,0.18,"338,618",0.09,19.82,1008,,"4,900,000",19,,3,1.4,4,1.5,1.5,4,2,-0.8,,16.64705882
x,Vatanen Sami ,ANA,26, ,8,48,67,71,71, ,2,21,37,38,24,,,,70,70 ,,,32,32,32 ,,,0.44,0.55,0.54,0.34,"175,877",2.75,21.67,1030,,"4,875,000",20,,3,2.8,6,3,2.3,3,1,-3,,18.02183099
,Martin Paul ,SJS,36,73,34,39,74,78,81,27,23,15,20,20,26,,,,,0 ,,,,,0 ,0.37,0.68,0.38,0.27,0.26,0.32,"184,264",0.20,19.23,999,,"4,850,000",19,,4,2.6,6,1.5,1.5,4,3,0.1,,22.73209877
x,Faulk Justin ,CAR,25,66,38,76,82,64,75,22,15,32,49,37,37,,,,74,74 ,,45,37,44,42 ,0.33,0.39,0.42,0.60,0.58,0.49,"119,479",2.65,23.13,984,,"4,833,333",20,,4,4.0,6,4.5,2.3,4,2,1.6,,28.39533333
,Kronwall Niklas ,DET,37,82,48,79,80,64,57,36,29,49,44,26,13,,,,,0 ,,,,,0 ,0.44,0.60,0.62,0.55,0.41,0.23,"253,987",2.43,19.45,994,,"4,750,000",19,,4,1.9,4,1.5,2.3,3,1,0.6,,18.22017544
x,McDonagh Ryan ,NYR,28,82,47,77,71,73,77,32,19,43,33,34,42,,,,75,75 ,,38,40,38,39 ,0.39,0.40,0.56,0.46,0.47,0.55,"105,081",3.00,24.35,1014,,"4,700,000",19,W,4,4.5,8,4.5,3.0,4,3,-1.4,,29.57272727
x,Brodie T.J. ,CGY,27,54,47,81,81,70,82,14,14,31,41,45,36,,,,79,79 ,,37,41,38,39 ,0.26,0.30,0.38,0.51,0.64,0.44,"129,178",2.71,23.58,982,,"4,650,400",20,,4,3.6,6,3,2.3,3,2,1.8,,25.65
,Alzner Karl ,MTL,29,82,48,82,82,82,82,17,5,18,21,21,13,,,,,0 ,,,,,0 ,0.21,0.10,0.22,0.26,0.26,0.16,"355,769",0.08,19.8,1029,,"4,625,000",22,,4,1.3,4,1.5,1.5,4,2,-2.9,,15.4
,Garrison Jason ,TBL,33,77,47,81,70,72,70,33,16,33,30,11,9,,,,,0 ,,,,,0 ,0.43,0.34,0.41,0.43,0.15,0.13,"436,314",0.22,18.57,979,,"4,600,000",18,,4,1.1,2,1.5,1.5,3,1,2.1,,16.15428571
x,Zaitsev Nikita,TOR,26,,,,,,82,,,,,,36,,,,80,80 ,,36,,35,36 ,,,,,,0.44,"125,000",1.98,21.85,995,,"4,500,000",24,PTW,3,3.6,6,3,2.3,3,4,0.5,,25.35
x,Stralman Anton ,TBL,31,53,48,81,82,73,73,18,7,13,39,34,22,,,,76,76 ,,45,27,29,34 ,0.34,0.15,0.16,0.48,0.47,0.30,"182,095",1.72,22.9,997,,"4,500,000",19,,4,2.5,6,1.5,2.3,3,2,0.3,,21.52123288
x,Demers Jason ,FLA,29,57,22,75,81,62,81,13,3,34,25,23,28,,,,,0 ,,,27,,27 ,0.23,0.14,0.45,0.31,0.37,0.35,"158,754",1.63,19.62,986,,"4,500,000",21,,4,2.8,6,3,2.3,4,3,1.4,,26.4845679
,Tyutin Fedor ,CBJ,34,66,48,69,67,61,69,26,22,26,15,3,13,,,,,0 ,,,,,0 ,0.39,0.46,0.38,0.22,0.05,0.19,"291,276",0.07,18.93,953,,"4,500,000",18,,3,1.5,4,1.5,1.5,3,2,4.7,-2,19.24492754
,Tanev Chris ,VAN,28,25,38,64,70,69,53,2,7,17,20,18,10,,,,,0 ,,,,,0 ,0.08,0.18,0.27,0.29,0.26,0.19,"287,622",0.50,20.35,1005,,"4,450,000",20,,3,1.5,4,1.5,1.5,4,2,-0.5,,17.04716981
,Johnson Jack ,CBJ,31,61,44,82,79,60,82,24,19,33,40,14,23,,,,,0 ,,,25,,25 ,0.39,0.43,0.40,0.51,0.23,0.28,"189,441",0.32,21.82,1023,,"4,357,142",18,,4,2.3,4,1.5,1.5,3,1,-2.3,,15
,Smith Brendan ,NYR,28,14,34,71,76,63,51,7,8,19,13,15,9,,,,,0 ,,,,,0 ,0.50,0.24,0.27,0.17,0.24,0.18,"300,610",0.91,19.25,1000,,"4,350,000",21,,3,1.4,4,1.5,1.5,4,3,0,,18.44705882
,Kulikov Dmitry ,WPG,27,58,34,81,73,74,47,28,10,19,22,17,5,,,,,0 ,,,,,0 ,0.48,0.29,0.23,0.30,0.23,0.11,"496,748",0.95,21.9,959,,"4,333,333",20,,4,0.9,2,1.5,1.5,4,2,4.1,,19.97234043
x,Klingberg John,DAL,25,,,,65,76,80,,,,40,58,49,,,,78,78 ,,54,53,53,53 ,,,,0.62,0.76,0.61,"84,619",3.03,23.35,1016,,"4,250,000",22,,4,5.0,8,4.5,3.0,3,4,-1.6,,29.9225
x,Vlasic Marc-Edouard,SJS,30,82,48,81,70,67,75,23,7,24,23,39,28,,,,,0 ,,37,34,,36 ,0.28,0.15,0.30,0.33,0.58,0.37,"138,828",1.92,21.07,1000,,"4,250,000",18,,4,3.1,6,3,2.3,3,3,0,,24.31133333
x,Savard David ,CBJ,27,31,4,70,82,65,74,10,0,15,36,25,23,,,,,0 ,,,30,,30 ,0.32,,0.21,0.44,0.38,0.31,"166,755",0.30,21.83,1032,,"4,250,000",21,,4,2.5,6,3,1.5,3,2,-3.2,,18.84864865
,Ericsson Jonathan,DET,33,69,45,48,82,71,51,11,13,11,15,15,9,,,,,0 ,,,,,0 ,0.16,0.29,0.23,0.18,0.21,0.18,"293,699",0.17,19.22,1013,,"4,250,000",20,,3,1.4,4,1.5,1.5,4,2,-1.3,,16.14705882
x,Klefbom Oscar,EDM,24,,,,60,30,82,,,,20,12,38,,,,76,76 ,,48,42,32,41 ,,,,0.33,0.40,0.46,"109,658",2.43,22.37,1014,,"4,167,000",23,PTW,3,3.8,6,4.5,2.3,3,4,-1.4,,25.15
x,Severson Damon,NJD,23,,,,51,72,80,,,,17,21,31,,,,80,80 ,,32,34,30,32 ,,,,0.33,0.29,0.39,"131,130",2.27,20.32,987,,"4,166,666",23,,4,3.2,6,3,2.3,3,4,1.3,,26.7275
x,Larsson Adam ,EDM,25,65,37,26,64,82,79,18,6,3,24,18,19,,,,,0 ,,,25,,25 ,0.28,0.16,0.12,0.38,0.22,0.24,"211,275",0.24,20.12,1008,,"4,166,666",21,,3,2.0,4,1.5,1.5,3,2,-0.8,,16.1721519
,Brodin Jonas ,MIN,24, ,45,79,71,68,68, ,11,19,17,7,25,,,,,0 ,,,24,,24 ,,0.24,0.24,0.24,0.10,0.37,"138,211",1.58,19.55,1017,,"4,166,666",21,,4,3.0,6,3,2.3,3,3,-1.7,,22.56470588
,Voynov Slava ,LAK,28,54,48,82,6,,,20,25,34,2,,,,,,,0 ,,,,,0 ,0.37,0.52,0.41,0.33,,,,,,1000,,"4,166,666",19,,1,0.0,2,0,0.8,3,1,0,,7.75
,Dumoulin Brian,PIT,26,,,,8,79,70,,,,1,16,15,,,,,0 ,,,,,0 ,,,,0.13,0.20,0.21,"233,333",0.55,20.53,993,,"4,100,000",23,,3,1.8,4,1.5,1.5,3,3,0.7,,18.45714286
x,Hjalmarsson Niklas,ARI,30,69,46,81,82,81,73,15,10,26,19,24,18,,,,,0 ,,,,,0 ,0.22,0.22,0.32,0.23,0.30,0.25,"202,778",0.18,21.5,1005,,"4,100,000",19,,4,2.0,4,1.5,1.5,4,3,-0.5,,19.52191781
,Emelin Alexei ,MTL,31,67,38,59,68,72,76,7,12,17,14,12,10,,,,,0 ,,,,,0 ,0.10,0.32,0.29,0.21,0.17,0.13,"380,000",0.11,21.32,986,,"4,100,000",18,,4,1.1,2,1.5,1.5,4,2,1.4,,17.47894737
,Maatta Olli ,PIT,23, , ,78,20,67,55, , ,29,9,19,7,,,,,0 ,,,20,,20 ,,,0.37,0.45,0.28,0.13,"391,260",0.16,18.07,1026,,"4,083,333",22,,3,1.0,2,1.5,1.5,3,1,-2.6,,10.44363636
x,Gardiner Jake ,TOR,27,75,12,80,79,79,82,30,4,31,24,31,43,,,,81,81 ,,38,38,37,38 ,0.40,0.33,0.39,0.30,0.39,0.52,"94,186",2.48,21.3,1041,,"4,050,000",19,,4,4.3,8,4.5,2.3,3,4,-4.1,,25.95
x,Josi Roman ,NSH,27,52,48,72,81,81,72,16,18,40,55,61,49,,,,77,77 ,,55,58,53,55 ,0.31,0.38,0.56,0.68,0.75,0.68,"71,677",2.93,25.07,1007,,"4,000,000",20,,4,5.6,8,4.5,2.3,4,3,-0.7,,30.63055556
x,Martinez Alec ,LAK,30,51,27,61,56,78,82,12,5,22,22,31,39,,,,75,75 ,,36,44,33,38 ,0.24,0.19,0.36,0.39,0.40,0.48,"102,564",2.19,21.63,974,,"4,000,000",21,,4,3.9,6,4.5,2.3,3,3,2.6,,29.25
x,Fowler Cam ,ANA,26,82,37,70,80,69,80,29,11,36,34,28,39,,,,77,77 ,,44,34,36,38 ,0.35,0.30,0.51,0.43,0.41,0.49,"100,063",3.02,24.85,1018,,"4,000,000",18,,4,4.0,6,4.5,3.0,4,3,-1.8,,26.6975
x,Muzzin Jake ,LAK,28, ,45,76,76,82,82, ,16,24,41,40,28,,,,81,81 ,,35,36,34,35 ,,0.36,0.32,0.54,0.49,0.34,"142,857",2.42,22.3,964,,"4,000,000",20,,4,2.8,6,3,2.3,3,2,3.6,,26.65
,Scandella Marco ,MIN,27,63,6,76,64,73,71,12,1,17,23,21,13,,,,,0 ,,,,,0 ,0.19,,0.22,0.36,0.29,0.18,"266,417",0.35,18.33,985,,"4,000,000",20,,4,1.5,4,1.5,1.5,3,2,1.5,,19.00140845
,Bieksa Kevin ,ANA,36,78,36,76,60,71,81,44,12,24,14,15,14,,,,,0 ,,,,,0 ,0.56,0.33,0.32,0.23,0.21,0.17,"282,230",0.98,18.75,997,,"4,000,000",18,,4,1.4,4,1.5,1.5,4,2,0.3,,18.71728395
,Russell Kris ,EDM,30,12,33,68,79,62,68,3,7,29,34,19,13,,,,,0 ,,,,,0 ,,0.21,0.43,0.43,0.31,0.19,"255,159",0.35,21.22,1002,,"4,000,000",21,,4,1.6,4,1.5,1.5,4,1,-0.2,,17.36764706
x,Carlson John ,WSH,28,82,48,82,82,56,72,32,22,37,55,39,37,,,,71,71 ,,45,42,42,43 ,0.39,0.46,0.45,0.67,0.70,0.51,"94,133",2.60,22.7,1012,,"3,966,666",18,,4,4.2,8,4.5,2.3,3,2,-1.2,,26.76388889
,Gorges Josh ,BUF,33,82,48,66,46,77,66,16,9,14,6,12,6,,,,,0 ,,,,,0 ,0.20,0.19,0.21,0.13,0.16,0.09,"523,171",0.10,18.45,987,,"3,900,000",18,,3,0.7,2,1.5,1.5,4,2,1.3,,16.04545455
,Hamonic Travis ,NYI,27,73,48,69,71,72,49,24,10,18,33,21,14,,,,,0 ,,,21,,21 ,0.33,0.21,0.26,0.46,0.29,0.29,"164,634",0.59,20.45,979,,"3,857,142",20,,3,2.3,4,3,1.5,3,2,2.1,,20.94285714
,Murphy Connor ,ARI,24, ,,30,73,78,77, ,,8,7,17,17,,,,,0 ,,,23,,23 ,,,0.27,0.10,0.22,0.22,"212,661",0.31,19.18,986,,"3,850,000",22,,3,1.8,4,1.5,1.5,4,3,1.4,,20.21038961
,Braun Justin ,SJS,30,66,41,82,70,80,81,11,7,17,23,23,13,,,,,0 ,,,21,,21 ,0.17,0.17,0.21,0.33,0.29,0.16,"288,743",0.20,19.98,993,,"3,800,000",20,,4,1.3,4,1.5,1.5,4,2,0.7,,19.01604938
x,Ekholm Mattias ,NSH,27,2,1,62,80,82,82,0,0,9,18,35,23,,,,82,82 ,,,29,29,29 ,,,0.15,0.23,0.43,0.28,"163,043",1.47,23.45,996,,"3,750,000",22,,4,2.3,4,3,1.5,3,3,0.4,,21.2
,Hamhuis Dan ,DAL,35,82,47,79,59,58,79,37,24,22,23,13,16,,,,,0 ,,,,,0 ,0.45,0.51,0.28,0.39,0.22,0.20,"225,800",1.57,19.37,977,,"3,750,000",18,,4,1.7,4,1.5,2.3,4,2,2.3,,21.71075949
,Coburn Braydon ,TBL,32,81,33,82,43,80,80,24,5,17,11,10,12,,,,,0 ,,,,,0 ,0.30,0.15,0.21,0.26,0.13,0.15,"300,813",0.09,16.73,993,,"3,700,000",19,,4,1.2,4,1.5,1.5,4,2,0.7,,18.93
,Despres Simon ,ANA,26,18,33,34,75,32,1,4,7,5,23,4,0,,,,,0 ,,,,,0 ,0.22,0.21,0.15,0.31,0.13,0.00,,3.92,16.13,1000,,"3,700,000",21,,2,0.0,2,0,3.0,3,1,0,,11
,Fayne Mark ,EDM,30,82,31,72,74,69,4,17,6,11,8,7,2,,,,,0 ,,,,,0 ,0.21,0.19,0.15,0.11,0.10,0.50,"88,415",0.00,7.92,1056,,"3,625,000",18,,3,4.1,8,4.5,0.8,3,4,-5,-3,19.35
,Sbisa Luca ,VAN,28,80,41,30,76,41,82,24,8,6,11,8,13,,,,,0 ,,,,,0 ,0.30,0.20,0.20,0.14,0.20,0.16,"276,923",0.10,18.97,1000,,"3,600,000",18,,3,1.3,4,1.5,1.5,4,3,0,,18.3
,Gudbranson Erik ,VAN,26,72,32,65,76,64,30,8,4,9,13,9,6,,,,,0 ,,,,,0 ,0.11,0.13,0.14,0.17,0.14,0.20,"213,415",0.26,20.33,959,,"3,500,000",18,,3,1.6,4,1.5,1.5,4,3,4.1,,22.74
x,Stone Michael ,CGY,27,13,48,70,81,75,64,3,10,21,18,36,15,,,,,0 ,,,,,0 ,0.23,0.21,0.30,0.22,0.48,0.23,"182,114",1.30,19.82,1010,,"3,500,000",20,,4,1.9,4,1.5,1.5,2,3,-1,,16.921875
,Gudas Radko ,PHI,27, ,22,73,31,76,67, ,5,22,5,14,23,,,,,0 ,,,25,,25 ,,0.23,0.30,0.16,0.18,0.34,"119,008",0.12,19.3,993,,"3,350,000",20,,3,2.8,6,4.5,1.5,3,3,0.7,,24.51492537
,de Haan Calvin ,NYI,26,, ,51,65,72,82,0, ,16,12,16,25,,,,,0 ,,,29,,29 ,,,0.31,0.18,0.22,0.30,"132,000",0.67,19.85,1010,,"3,300,000",18,,4,2.5,6,3,1.5,4,3,-1,,23
,Dillon Brenden ,SJS,27,1,48,80,80,76,81,0,8,17,10,11,10,,,,,0 ,,,,,0 ,,0.17,0.21,0.13,0.14,0.12,"323,012",0.13,16.38,979,,"3,270,000",20,,4,1.0,2,1.5,1.5,4,2,2.1,,18.11234568
,Stoner Clayton ,ANA,32,51,48,63,69,50,14,5,10,5,8,6,3,,,,,0 ,,,,,0 ,0.10,0.21,0.08,0.12,0.12,0.21,"184,959",0.15,17.55,991,,"3,250,000",18,,3,1.8,4,1.5,1.5,4,3,0.9,,19.65714286
x,Daley Trevor ,DET,34,79,44,67,68,82,56,25,13,25,38,28,19,,,,,0 ,,30,22,,26 ,0.32,0.30,0.37,0.56,0.34,0.34,"113,821",1.71,20.38,1013,,"3,166,667",20,,4,2.8,6,4.5,2.3,3,1,-1.3,,22.23214286
x,Del Zotto Michael,VAN,27,77,46,67,64,52,51,41,21,16,32,13,18,,,,,0 ,,30,,,30 ,0.53,0.46,0.24,0.50,0.25,0.35,"103,659",1.00,19.5,982,,"3,000,000",19,,3,2.9,6,4.5,1.5,2,2,1.8,,23.69411765
,Hainsey Ron ,TOR,36,56,47,82,81,81,72,10,13,15,10,19,17,,,,,0 ,,,,,0 ,0.18,0.28,0.18,0.12,0.23,0.24,"154,950",0.24,22.03,986,,"3,000,000",19,,4,1.9,4,3,1.5,4,3,1.4,,22.83611111
,Klein Kevin ,NYR,33,66,47,77,65,69,60,21,14,9,26,26,14,,,,,0 ,,,,,0 ,0.32,0.30,0.12,0.40,0.38,0.23,"151,568",0.09,17.63,1004,,"2,900,000",18,,4,1.9,4,3,1.5,3,2,-0.4,,19.01333333
,Gunnarsson Carl ,STL,31,76,37,80,61,72,56,19,15,17,12,9,6,,,,,0 ,,,,,0 ,0.25,0.41,0.21,0.20,0.13,0.11,"330,081",0.02,13.6,980,,"2,900,000",19,,3,0.9,2,1.5,1.5,4,2,2,,16.87857143
x,Murray Ryan ,CBJ,24,,,66,12,82,60,,,21,3,25,11,,,,,0 ,,,,,0 ,,,0.32,0.25,0.30,0.18,"187,916",0.46,18.33,1009,,"2,825,000",18,,3,1.5,4,1.5,1.5,4,2,-0.9,4,20.60333333
x,Trouba Jacob ,WPG,23, , ,65,65,81,60, , ,29,22,21,33,,,,74,74 ,,39,36,32,36 ,,,0.45,0.34,0.26,0.55,"62,361",1.68,24.95,1004,,"2,812,500",18,PTW,4,4.5,8,4.5,2.3,3,4,-0.4,,29.86
x,Hutton Ben,VAN,24,,,,,75,71,,,,,25,19,,,,,0 ,,,29,,29 ,,,,,0.33,0.27,"127,599",2.09,20.5,983,,"2,800,000",19,,4,2.2,4,3,2.3,3,4,1.7,,24.1443662
x,Ceci Cody ,OTT,24, , ,49,81,75,79, , ,9,21,26,17,,,,,0 ,,,26,,26 ,,,0.18,0.26,0.35,0.22,"158,680",0.99,23.2,989,,"2,800,000",18,,4,1.8,4,3,1.5,4,2,1.1,,21.36455696
,McQuaid Adam ,BOS,31,72,32,30,63,64,77,10,4,6,7,9,10,,,,,0 ,,,,,0 ,0.14,0.13,0.20,0.11,0.14,0.13,"258,232",0.06,18.12,978,,"2,750,000",19,,3,1.1,2,1.5,1.5,4,3,2.2,,18.26493506
,Pysyk Mark,FLA,26,,,,7,55,82,,,,3,11,17,,,,,0 ,,,,,0 ,,,,0.43,0.20,0.21,"160,784",0.14,18.57,994,,"2,733,333",20,,3,1.7,4,3,1.5,2,2,0.6,,17.8
,Lovejoy Ben ,NJD,33,34,32,78,60,66,82,5,10,18,14,10,7,,,,,0 ,,,,,0 ,0.15,0.31,0.23,0.23,0.15,0.09,"380,952",0.22,20.8,984,,"2,666,666",19,,4,0.7,2,1.5,1.5,4,2,1.6,,17.3
,Stuart Mark ,WPG,33,80,42,69,70,64,42,14,4,13,14,3,4,,,,,0 ,,,,,0 ,0.18,0.10,0.19,0.20,0.05,0.10,"336,128",0.03,12.45,992,,"2,625,000",18,,3,0.8,2,1.5,1.5,4,2,0.8,,15.58095238
x,Dumba Matt,MIN,23,,,,58,81,76,,,,16,26,34,,,,76,76 ,,35,33,31,33 ,,,,0.28,0.32,0.45,"69,512",2.27,20.32,1033,,"2,550,000",18,PTW,4,3.7,6,4.5,2.3,3,4,-3.3,,24.11842105
x,Ellis Ryan ,NSH,27,32,32,80,58,79,71,11,6,27,27,32,38,,,,70,70 ,,36,40,33,36 ,0.34,0.19,0.34,0.47,0.41,0.54,"56,964",2.17,23.95,1031,,"2,500,000",19,,4,4.4,8,6,2.3,3,3,-3.1,,27.53873239
,Miller Kevan ,BOS,30, , ,47,41,71,58, , ,6,7,18,13,,,,,0 ,,,,,0 ,,,0.13,0.17,0.25,0.22,"136,023",0.08,17.7,977,,"2,500,000",20,,3,1.8,4,3,1.5,4,3,2.3,,22.63793103
,Greene Matt ,LAK,34,82,5,38,82,3,26,15,1,6,9,0,2,,,,,0 ,,,,,0 ,0.18,,0.16,0.11,0.00,0.08,"396,341",0.01,13.18,1024,,"2,500,000",18,,2,0.6,2,1.5,1.5,4,2,-2.4,,11.23076923
x,Beaulieu Nathan,BUF,25,,,,64,64,74,,,,9,19,28,,,,,0 ,,32,26,,29 ,,,,0.14,0.30,0.38,"77,352",1.70,19.48,1031,,"2,400,000",19,,3,3.1,6,4.5,2.3,3,3,-3.1,,21.7527027
,Hunwick Matt ,PIT,32,33,43,1,55,60,72,6,6,0,11,10,19,,,,,0 ,,,,,0 ,0.18,0.14,,0.20,0.17,0.26,"103,979",0.09,17.88,1004,,"2,250,000",20,,2,2.2,4,4.5,1.5,3,3,-0.4,,19.76388889
x,Schmidt Nate,VGK,26,,,,39,72,60,,,,4,16,17,,,,,0 ,,,,,0 ,,,,0.10,0.22,0.28,"95,768",0.17,15.48,1043,,"2,225,000",19,,3,2.3,4,4.5,1.5,3,3,-4.3,,17.02333333
x,Lindell Esa,DAL,23,,,,,4,73,,,,,0,18,,,,,0 ,,,,,0 ,,,,,0.00,0.25,"108,808",1.06,21.87,996,,"2,200,000",19,,3,2.0,4,4.5,1.5,3,4,0.4,,22.42191781
x,Hickey Thomas ,NYI,28, ,39,82,81,62,76, ,4,22,22,18,20,,,,,0 ,,,,,0 ,,0.10,0.27,0.27,0.29,0.26,"101,951",0.68,17.52,1000,,"2,200,000",18,,4,2.2,4,4.5,1.5,4,2,0,,22.15789474
x,Zadorov Nikita,COL,22,,,,60,22,56,,,,15,2,10,,,,,0 ,,,,,0 ,,,,0.25,0.09,0.18,"146,829",0.70,19.03,963,,"2,150,000",19,,2,1.5,4,3,1.5,2,2,3.7,,19.66428571
x,Cole Ian ,PIT,28,26,15,46,74,70,81,6,1,11,17,12,26,,,,,0 ,,,28,,28 ,0.23,0.07,0.24,0.23,0.17,0.32,"79,784",0.13,19.82,1013,,"2,100,000",18,,4,2.6,6,4.5,1.5,4,3,-1.3,,24.33209877
,Schlemko David ,NJD,30,46,30,48,44,67,62,11,6,9,4,19,18,,,,,0 ,,,,,0 ,0.24,0.20,0.19,0.09,0.28,0.29,"88,211",1.52,16.62,997,,"2,100,000",20,,3,2.4,4,4.5,2.3,4,3,0.3,,23.43064516
,Sustr Andrej ,TBL,27, ,2,43,72,77,80, ,0,8,13,21,14,,,,,0 ,,,,,0 ,,,0.19,0.18,0.27,0.18,"135,889",0.11,17.58,982,,"1,950,000",18,,4,1.4,4,3,1.5,4,2,1.8,,21.735
,Petrovic Alex ,FLA,25, ,6,7,33,66,49, ,0,1,3,17,14,,,,,0 ,,,24,,24 ,,,0.14,0.09,0.26,0.29,"78,963",0.16,18.15,998,,"1,850,000",18,,2,2.3,4,4.5,1.5,4,3,0.2,,21.54285714
,McNabb Brayden ,LAK,27,25, ,12,71,81,49,8, ,0,24,14,4,,,,,0 ,,,,,0 ,0.32,,0.00,0.34,0.17,0.08,"253,963",0.10,15.07,977,,"1,700,000",18,,3,0.7,2,1.5,1.5,2,1,2.3,,13.96938776
,Moore John ,NJD,27,67,30,74,57,73,63,7,7,15,11,19,22,,,,,0 ,,,,,0 ,0.10,0.23,0.20,0.19,0.26,0.35,"58,204",1.19,18.85,994,,"1,666,666",18,,3,2.9,6,6,1.5,4,3,0.6,,26.96349206
x,Holden Nick ,COL,30, ,2,54,78,82,80, ,0,25,14,22,34,,,,,0 ,,,37,,37 ,,,0.46,0.18,0.27,0.43,"47,346",0.69,20.62,1022,,"1,650,000",18,,4,3.5,6,6,1.5,2,4,-2.2,,24.785
,McCabe Jake ,BUF,24, , ,7,2,77,76, , ,1,0,14,20,,,,,0 ,,,,,0 ,,,0.14,0.00,0.18,0.26,"74,146",1.08,20.7,1002,,"1,600,000",19,,2,2.2,4,4.5,1.5,3,4,-0.2,,20.95789474
,Pelech Adam,NYI,23,,,,,9,44,,,,,2,10,,,,,0 ,,,,,0 ,,,,,0.22,0.23,"85,854",0.07,16.83,1000,,"1,600,000",21,,2,1.9,4,4.5,1.5,2,3,0,,18.86363636
,Prout Dalton ,CBJ,27,5,28,49,63,64,29,0,7,6,8,9,6,,,,,0 ,,,,,0 ,,0.25,0.12,0.13,0.14,0.21,"92,835",0.04,13.97,998,,"1,575,000",18,,3,1.7,4,4.5,1.5,4,3,0.2,-3,18.89655172
,Davidson Brandon,MTL,26,,,,12,51,38,,,,1,11,3,,,,,0 ,,,,,0 ,,,,0.08,0.22,0.08,"220,122",0.05,15.72,983,,"1,425,000",18,,1,0.6,2,1.5,1.5,3,2,1.7,,13.34736842
,Chiarot Ben,WPG,26,,,,40,70,59,,,,8,10,12,,,,,0 ,,,,,0 ,,,,0.20,0.14,0.20,"83,943",0.04,15.32,1011,,"1,400,000",19,,3,1.7,4,4.5,1.5,2,3,-1.1,,18.56779661
,Seidenberg Dennis,NYI,36,80,46,34,82,61,73,23,17,10,14,12,22,,,,,0 ,,,,,0 ,0.29,0.37,0.29,0.17,0.20,0.30,"50,582",0.21,19.43,1020,,"1,250,000",18,,3,2.5,6,6,1.5,4,3,-2,,23.97123288
,Quincey Kyle ,MIN,32,54,36,82,73,47,73,23,3,13,18,11,15,,,,,0 ,,,,,0 ,0.43,0.08,0.16,0.25,0.23,0.21,"74,187",0.29,17.8,996,,"1,250,000",18,,4,1.7,4,4.5,1.5,4,2,0.4,,22.08493151
x,Ouellet Xavier,DET,24,,,,21,5,66,,,,3,1,12,,,,,0 ,,,,,0 ,,,,0.14,0.20,0.18,"83,841",0.12,17.97,1005,,"1,250,000",19,,2,1.5,4,4.5,1.5,3,3,-0.5,,18.99090909
x,Marincin Martin ,TOR,25, , ,44,41,65,25, , ,6,5,7,7,,,,,0 ,,,,,0 ,,,0.14,0.12,0.11,0.28,"54,443",0.07,18.05,1020,,"1,250,000",18,,2,2.3,4,6,1.5,4,3,-2,-2,18.796
,Schenn Luke ,ARI,28,79,47,79,58,72,78,22,11,12,14,16,8,,,,,0 ,,,,,0 ,0.28,0.23,0.15,0.24,0.22,0.10,"148,628",0.05,18.05,991,,"1,250,000",18,,4,0.8,2,3,1.5,4,2,0.9,,18.24102564
,Bortuzzo Robert ,STL,28,6,15,54,51,40,38,0,4,10,8,3,4,,,,,0 ,,,,,0 ,,,0.19,0.16,0.08,0.11,"133,232",0.08,14.08,1005,,"1,150,000",19,,2,0.9,2,3,1.5,4,2,-0.5,,14.86315789
,Merrill Jon ,NJD,26, , ,52,66,47,51, , ,11,14,5,6,,,,,0 ,,,,,0 ,,,0.21,0.21,0.11,0.12,"117,912",0.44,18.75,974,,"1,137,500",18,,3,1.0,2,4.5,1.5,4,2,2.6,,20.56470588
x,Benn Jordie ,DAL,30,3,26,78,73,64,71,2,6,20,16,12,17,,,,,0 ,,,,,0 ,,0.23,0.26,0.22,0.19,0.24,"56,026",1.00,18.28,960,,"1,100,000",19,,4,2.0,4,6,1.5,2,2,4,-4,21.46338028
,Borowiecki Mark ,OTT,28,2,6,13,63,63,70,0,0,1,11,2,3,,,,,0 ,,,,,0 ,,,0.08,0.17,0.03,0.04,"313,008",0.04,14.02,975,,"1,100,000",18,,3,0.4,2,1.5,1.5,4,2,2.5,,16.85142857
x,Edmundson Joel,STL,24,,,,,67,69,,,,,9,15,,,,,0 ,,,17,,17 ,,,,,0.13,0.22,"58,902",0.06,17.77,1017,,"1,050,000",18,,3,1.8,4,6,1.5,3,3,-1.7,,20.5826087
x,Miller Colin,BOS,25,,,,,42,61,,,,,16,13,,,,,0 ,,,,,0 ,,,,,0.38,0.21,"57,223",1.65,15.73,970,,"1,000,000",18,,3,1.7,4,6,2.3,2,3,3,,24.99754098
,Engelland Deryk ,VGK,35,73,42,56,76,69,81,17,6,12,11,12,16,,,,,0 ,,,,,0 ,0.23,0.14,0.21,0.14,0.17,0.20,"61,738",0.07,18.33,997,,"1,000,000",18,,4,1.6,4,4.5,1.5,4,3,0.3,,22.91975309
,Oduya Johnny ,OTT,36,63,48,77,76,82,52,13,12,16,10,21,9,,,,,0 ,,,,,0 ,0.21,0.25,0.21,0.13,0.26,0.17,"70,461",0.17,18.27,969,,"1,000,000",18,,4,1.4,4,4.5,1.5,4,3,3.1,-4,21.51923077
,Beauchemin Francois,ANA,37,82,48,70,64,82,81,22,24,17,23,34,18,,,,,0 ,,,,,0 ,0.27,0.50,0.24,0.36,0.41,0.22,"54,878",1.11,21.52,970,,"1,000,000",18,,4,1.8,4,6,1.5,3,2,3,-4,21.32222222
,Connauton Kevin ,ARI,27, , ,36,62,65,24, , ,8,21,17,1,,,,,0 ,,,,,0 ,,,0.22,0.34,0.26,0.04,"292,683",0.26,13.13,999,,"1,000,000",18,,2,0.3,2,1.5,1.5,3,1,0.1,,11.44166667
,Manning Brandon,PHI,27,,,,11,56,65,,,,3,7,12,,,,,0 ,,,,,0 ,,,,0.27,0.13,0.18,"64,405",0.21,18.05,972,,"975,000",18,,3,1.5,4,4.5,1.5,3,2,2.8,-3,19.31384615
,Oleksiak Jamie,DAL,25,,,,36,19,41,,,,8,2,7,,,,,0 ,,,,,0 ,,,,0.22,0.11,0.17,"68,906",0.15,16.22,970,,"964,688",18,,1,1.4,4,4.5,1.5,3,2,3,-2,18.4
,Nemeth Patrik,DAL,25,,,,22,38,40,,,,3,8,3,,,,,0 ,,,,,0 ,,,,0.14,0.21,0.08,"153,659",0.06,15.78,972,,"945,000",18,,1,0.6,2,3,1.5,3,2,2.8,,15.915
x,Werenski Zach,CLB,21,,,,,,78,,,,,,47,,,,78,78 ,,52,56,48,52 ,,,,,,0.60,"18,721",2.73,20.92,1028,,"925,000",19,,4,4.9,8,6,2.3,4,4,-2.8,,30.39102564
x,Gostisbehere Shayne,PHI,24,,,,2,64,76,,,,0,46,39,,,,77,77 ,,46,47,44,46 ,,,,0.00,0.72,0.51,"21,982",3.65,19.58,992,,"925,000",23,,4,4.2,8,6,3.0,4,4,0.8,,34.00789474
x,Skjei Brady,NYR,23,,,,,7,80,,,,,0,39,,,,80,80 ,,36,43,35,38 ,,,,,0.00,0.49,"23,139",1.43,17.47,1031,,"925,000",18,,3,4.0,6,6,1.5,4,4,-3.1,,25.3975
x,Slavin Jaccob,CAR,23,,,,,63,82,,,,,20,34,,,,80,80 ,,39,38,34,37 ,,,,,0.32,0.41,"27,206",0.97,23.43,1007,,"925,000",18,SLEEPER,4,3.4,6,6,1.5,3,4,-0.7,,27.2
x,Hanifin Noah,CAR,21,,,,,79,81,,,,,22,29,,,,80,80 ,,,38,29,34 ,,,,,0.28,0.36,"31,508",2.04,17.92,986,,"925,000",18,SLEEPER,4,2.9,6,6,2.3,4,4,1.4,,30.58580247
x,Butcher Will,NJD,22,,,,,,,,,,,,,,,,,0 ,,33,,,33 ,,,,,,,,,,,,"925,000",19,,1,0.0,2,0,0.8,4,3,5,10,25.75
x,Stecher Troy,VAN,24,,,,,,71,,,,,,24,,,,,0 ,,,28,,28 ,,,,,,0.34,"33,371",2.64,19.98,999,,"925,000",18,,3,2.8,6,6,2.3,3,3,0.1,,26.12183099
x,Montour Brandon,ANA,24,,,,,,27,,,,,,6,,,,,0 ,,30,17,,24 ,,,,,,0.22,"50,762",1.92,17.38,1050,,"925,000",18,,2,1.8,4,6,2.3,3,3,-5,,17.07222222
x,Matheson Michael,FLA,23,,,,,3,81,,,,,0,17,,,,,0 ,,,20,,20 ,,,,,0.00,0.21,"53,748",0.60,21.05,992,,"925,000",18,,3,1.7,4,6,1.5,3,3,0.8,,23.02098765
x,Chychrun Jakob,ARI,20,,,,,,68,,,,,,20,,,,,0 ,,,,,0 ,,,,,,0.29,"38,354",0.57,16.67,989,,"925,000",19,,3,2.4,4,6,1.5,4,4,1.1,,26.01176471
,Benning Matthew,EDM,24,,,,,,62,,,,,,15,,,,,0 ,,,,,0 ,,,,,,0.24,"46,626",0.43,16.62,1021,,"925,000",18,,3,2.0,4,6,1.5,2,3,-2.1,,19.38387097
,Santini Steven,NJD,22,,,,,1,38,,,,,0,7,,,,,0 ,,,,,0 ,,,,,0.00,0.18,"61,237",0.05,16.1,983,,"925,000",18,,1,1.5,4,4.5,1.5,2,3,1.7,,19.21052632
,McCoshen Ian,FLA,23,,,,,,3,,,,,,1,,,,,0 ,,,,,0 ,,,,,,0.33,"33,841",0.06,13.25,1011,,"925,000",19,,1,2.7,6,6,1.5,2,3,-1.1,-2,19.13333333
,Schmaltz Jordan,STL,24,,,,,,9,,,,,,2,,,,,0 ,,,,,0 ,,,,,,0.22,"50,762",1.22,14.33,1031,,"925,000",18,,1,1.8,4,6,1.5,2,3,-3.1,,16.22222222
,Kapla Michael,NJD,23,,,,,,5,,,,,,0,,,,,0 ,,,,,0 ,,,,,,0.00,,0.96,17.43,961,,"925,000",18,,1,0.0,2,0,1.5,2,3,3.9,,13.4
,O'Gara Rob,BOS,25,,,,,,3,,,,,,0,,,,,0 ,,,,,0 ,,,,,,0.00,,0.00,16.02,1053,,"925,000",18,,1,0.0,2,0,0.8,2,3,-5,,3.75
x,McAvoy Charlie,BOS,19,,,,,,,,,,,,,,,,,0 ,,38,38,,38 ,,,,,,,,,,,,"916,667",19,,1,0.0,2,0,0.8,4,3,5,10,25.75
,Kempny Michal,CHI,27,,,,,,50,,,,,,8,,,,,0 ,,,,,0 ,,,,,,0.16,"68,598",0.13,14.97,975,,"900,000",18,,2,1.3,4,4.5,1.5,2,3,2.5,,20.812
,Gryba Eric ,EDM,29, ,33,57,75,53,40, ,6,11,12,6,6,,,,,0 ,,,,,0 ,,0.18,0.19,0.16,0.11,0.15,"73,171",0.03,16.13,979,,"900,000",19,,3,1.2,4,4.5,1.5,4,2,2.1,-3,19.33
,Holzer Korbinian,ANA,29,,,,34,29,32,,,,6,3,7,,,,,0 ,,,,,0 ,,,,0.18,0.10,0.22,"50,174",0.05,13.52,1016,,"900,000",19,,1,1.8,4,6,1.5,2,3,-1.6,,17.69375
,Hagg Robert,PHI,23,,,,,,1,,,,,,0,,,,,0 ,,,,,0 ,,,,,,0.00,,0.36,21.32,1000,,"894,167",18,,2,0.0,2,0,1.5,4,3,0,,12.5
x,Provorov Ivan,PHI,21,,,,,,82,,,,,,30,,,,80,80 ,,37,31,40,36 ,,,,,,0.37,"29,806",1.72,21.98,976,,"894,166",19,SLEEPER,4,3.0,6,6,2.3,4,4,2.4,,31.65
x,Sergachev Mikhail,TBL,20,,,,,,4,,,,,,0,,,,,0 ,,34,,,34 ,,,,,,0.00,,0.35,12.13,1099,,"894,166",20,,2,0.0,2,0,1.5,4,4,-5,15,23.5
,Carlsson Gabriel,CBJ,21,,,,,,2,,,,,,1,,,,,0 ,,,,,0 ,,,,,,0.50,"21,809",0.01,17.13,792,,"894,166",20,,1,4.1,8,6,1.5,2,2,5,-9,20.6
,Larsson Jacob,ANA,21,,,,,,4,,,,,,0,,,,,0 ,,,,,0 ,,,,,,0.00,,1.11,16.43,947,,"894,166",20,,1,0.0,2,0,1.5,2,3,5,,14.5
x,Ladue Paul,LAK,25,,,,,,22,,,,,,8,,,,77,77 ,,,,30,30 ,,,,,,0.36,"29,315",1.53,15.4,962,,"874,125",18,SLEEPER,1,3.0,6,6,2.3,2,2,3.8,,26.03181818
,Forsling Gustav,CHI,22,,,,,,38,,,,,,5,,,,,0 ,,,,,0 ,,,,,,0.13,"80,866",0.95,14.82,1021,,"872,500",19,,1,1.1,2,4.5,1.5,3,3,-2.1,,13.97894737
x,Honka Julius,DAL,22,,,,,,16,,,,,,5,,,,,0 ,,36,,,36 ,,,,,,0.31,"33,691",1.40,16.87,949,,"863,333",19,,1,2.6,6,6,1.5,3,4,5,,29.0625
x,Pulock Ryan,NYI,23,,,,,15,1,,,,,4,0,,,,,0 ,,36,,,36 ,,,,,0.27,0.00,,1.03,3.95,1500,,"863,333",18,,2,0.0,2,0,1.5,4,4,-5,15,23.5
x,Theodore Shea,ANA,22,,,,,19,34,,,,,8,9,,,,78,78 ,,38,23,29,30 ,,,,,0.42,0.26,"39,774",2.17,17.32,984,,"863,333",18,SLEEPER,2,2.2,4,6,2.3,3,4,1.6,,25.02058824
x,Morrissey Joshua,WPG,22,,,,,1,82,,,,,0,20,,,,,0 ,,31,24,,28 ,,,,,0.00,0.24,"43,167",0.65,19.48,998,,"863,333",18,,3,2.0,4,6,1.5,3,4,0.2,,23.7
x,Deangelo Anthony,NYR,22,,,,,,39,,,,,,14,,,,,0 ,,,27,,27 ,,,,,,0.36,"29,329",2.42,17.1,997,,"863,333",19,,2,2.9,6,6,2.3,3,4,0.3,,26.49358974
,Nurse Darnell,EDM,23,,,,2,69,44,,,,0,10,11,,,,,0 ,,,,,0 ,,,,0.00,0.14,0.25,"42,114",0.12,17.02,995,,"863,333",18,,3,2.1,4,6,1.5,2,3,0.5,,22.05
x,Chabot Thomas,OTT,21,,,,,,1,,,,,,0,,,,,0 ,,,,,0 ,,,,,,0.00,,0.00,7.15,750,,"863,333",20,,1,0.0,2,0,0.8,4,4,5,,16.75
,Morin Samuel,PHI,23,,,,,,1,,,,,,0,,,,,0 ,,,,,0 ,,,,,,0.00,,0.00,17.78,1000,,"863,333",18,,1,0.0,2,0,0.8,3,3,0,,9.75
,Grzelcyk Matt,BOS,24,,,,,,2,,,,,,0,,,,,0 ,,,,,0 ,,,,,,0.00,,1.53,12.48,958,,"858,750",18,,1,0.0,2,0,2.3,2,3,4.2,,14.45
,Mueller Mirco ,NJD,22, , , ,39,11,4, , ,0,4,0,2,,,,,0 ,,,,,0 ,,,,0.10,0.00,0.50,"20,732",0.08,9.3,1121,,"850,000",19,,1,4.1,8,6,1.5,2,3,-5,,20.6
,Dahlbeck Klas,CAR,26,,,,23,71,43,,,,4,8,6,,,,,0 ,,,,,0 ,,,,0.17,0.11,0.14,"74,289",0.03,13.88,971,,"850,000",18,,2,1.1,2,4.5,1.5,2,3,2.9,-2,17.04418605
,Folin Christian,LAK,26,,,,40,26,51,,,,10,4,8,,,,,0 ,,,,,0 ,,,,0.25,0.15,0.16,"66,082",0.11,14.93,1023,,"850,000",18,,2,1.3,4,4.5,1.5,3,2,-2.3,,15.98627451
,Bigras Chris,COL,22,,,,,31,,,,,,3,,,,,,0 ,,,,,0 ,,,,,0.10,,,,,1000,,"843,333",18,,1,0.0,2,0,0.8,2,3,0,,8.75
x,Manson Josh,ANA,26,,,,28,71,82,,,,3,15,17,,,,,0 ,,33,19,,26 ,,,,0.11,0.21,0.21,"48,529",0.11,18.63,1005,,"825,000",18,SLEEPER,3,1.7,4,6,1.5,3,3,-0.5,,21.7
x,Van Riemsdyk Trevor,CHI,26,,,,18,82,58,,,,1,14,16,,,,,0 ,,,22,,22 ,,,,0.06,0.17,0.28,"36,471",0.58,18.42,1024,,"825,000",18,,3,2.3,4,6,1.5,2,3,-2.4,,19.36206897
,Nutivaara Markus,CBJ,24,,,,,,66,,,,,,7,,,,,0 ,,,,,0 ,,,,,,0.11,"93,998",0.19,13.22,1020,,"817,500",18,,3,0.9,2,4.5,1.5,2,3,-2,,14.86969697
,Jensen Nick,DET,27,,,,,,49,,,,,,13,,,,,0 ,,,,,0 ,,,,,,0.27,"37,348",0.12,17.75,977,,"812,500",19,,2,2.2,4,6,1.5,3,3,2.3,-2,21.9755102
x,Dotchin Jake,TBL,24,,,,,,35,,,,,,11,,,,,0 ,,,,,0 ,,,,,,0.31,"31,527",0.92,18.43,1026,,"812,500",19,,1,2.6,6,6,1.5,3,3,-2.6,,20.47714286
x,Pesce Brett,CAR,23,,,,,69,82,,,,,16,20,,,,,0 ,,,24,,24 ,,,,,0.23,0.24,"40,458",0.64,21.2,1014,,"809,166",18,,4,2.0,4,6,1.5,3,3,-1.4,,22.1
,Wideman Chris,OTT,28,,,,,64,76,,,,,13,17,,,,,0 ,,,,,0 ,,,,,0.20,0.22,"43,615",1.55,13.97,1007,,"800,000",18,,4,1.8,4,6,2.3,2,3,-0.7,,22.38421053
,Pateryn Greg,DAL,27,,,,17,38,36,,,,0,7,9,,,,,0 ,,,,,0 ,,,,0.00,0.18,0.25,"39,024",0.05,15.42,976,,"800,000",18,,2,2.1,4,6,1.5,2,2,2.4,-3,18.95
x,Koekkoek Slater,TBL,23,,,,3,9,29,,,,0,1,4,,,,,0 ,,,,,0 ,,,,0.00,0.11,0.14,"70,732",0.11,12.98,981,,"800,000",18,,1,1.1,2,4.5,1.5,2,3,1.9,,17.03103448
,Chorney Taylor,WSH,30,,,,7,55,18,,,,0,6,5,,,,,0 ,,,,,0 ,,,,0.00,0.11,0.28,"35,122",0.00,14.27,1064,,"800,000",18,,1,2.3,4,6,0.8,2,3,-5,,14.02777778
,Benoit Andre ,CBJ,34,,33,79,59,2,,,10,28,9,0,,,,,,0 ,,,,,0 ,,0.30,0.35,0.15,0.00,,,,,1000,,"800,000",18,,2,0.0,2,0,0.8,3,2,0,,9.75
x,Reinhart Griffin,VGK,24,,,,8,29,,,,,1,1,,,,,,0 ,,,,,0 ,,,,0.13,0.03,,,,,1000,,"800,000",19,,1,0.0,2,0,0.8,4,2,0,,9.75
x,Pouliot Derrick,PIT,24,,,,34,22,11,,,,7,7,0,,,,,0 ,,,,,0 ,,,,0.21,0.32,0.00,,0.99,14.88,980,,"800,000",28,,1,0.0,2,0,1.5,2,1,2,,9.5
x,Carlo Brandon,BOS,21,,,,,,82,,,,,,16,,,,,0 ,,,28,,28 ,,,,,,0.20,"49,323",0.15,20.72,993,,"789,167",19,,3,1.6,4,6,1.5,3,3,0.7,,22.8
,Murphy Ryan ,CAR,24, ,4,48,37,35,27, ,0,12,13,10,2,,,,,0 ,,,,,0 ,,,0.25,0.35,0.29,0.07,"129,649",0.40,13.17,939,,"787,500",18,,2,0.6,2,3,1.5,3,1,5,,18.10740741
,Valiev Rinat,TOR,22,,,,,10,,,,,,0,,,,,,0 ,,,,,0 ,,,,,0.00,,,,,1000,,"778,333",18,,1,0.0,2,0,0.8,2,3,0,,8.75
,Englund Andreas,OTT,22,,,,,,5,,,,,,0,,,,,0 ,,,,,0 ,,,,,,0.00,,0.02,10.58,903,,"775,833",19,,1,0.0,2,0,1.5,2,3,5,,14.5
,Renouf Dan,DET,24,,,,,,1,,,,,,0,,,,,0 ,,,,,0 ,,,,,,0.00,,0.00,13.58,1000,,"767,500",18,,1,0.0,2,0,0.8,2,3,0,,8.75
,Andersson Rasmus,CGY,21,,,,,,1,,,,,,0,,,,,0 ,,,,,0 ,,,,,,0.00,,2.06,18.55,800,,"755,833",20,,1,0.0,2,0,2.3,3,3,5,,16.25
,Barberio Mark ,MTL,27, ,2,49,52,30,60, ,0,10,7,10,13,,,,,0 ,,,,,0 ,,,0.20,0.13,0.33,0.22,"42,214",1.69,18.27,1003,,"750,000",18,,2,1.8,4,6,2.3,3,3,-0.3,,21.72666667
x,Carrick Connor,TOR,23,,,,,19,67,,,,,4,8,,,,,0 ,,,,,0 ,,,,,0.21,0.12,"76,601",0.57,16.35,1007,,"750,000",18,,3,1.0,2,4.5,1.5,2,3,-0.7,2,18.27910448
,Biega Alex,VAN,29,,,,7,51,36,,,,1,7,3,,,,,0 ,,,,,0 ,,,,0.14,0.14,0.08,"109,756",0.26,13.17,968,,"750,000",18,,1,0.7,2,4.5,1.5,3,2,3.2,,17.88333333
,Witkowski Luke,DET,27,,,,16,4,34,,,,0,0,4,,,,,0 ,,,,,0 ,,,,0.00,0.00,0.12,"77,744",0.11,9.87,996,,"750,000",19,,1,1.0,2,4.5,1.5,2,3,0.4,,15.36470588
,Siemens Duncan,COL,24,,,,1,,3,,,,0,,0,,,,,0 ,,,,,0 ,,,,0.00,,0.00,,0.00,12.32,900,,"750,000",18,,1,0.0,2,0,0.8,2,3,5,,13.75
,Pedan Andrey,VAN,24,,,,,13,,,,,,0,,,,,,0 ,,,,,0 ,,,,,0.00,,,,,1000,,"750,000",18,,1,0.0,2,0,0.8,2,3,0,,8.75
,Svedberg Viktor,CHI,26,,,,,27,,,,,,4,,,,,,0 ,,,,,0 ,,,,,0.15,,,,,1000,,"750,000",18,,1,0.0,2,0,0.8,2,3,0,,8.75
,Johns Stephen,DAL,25,,,,,14,61,,,,,3,10,,,,,0 ,,,,,0 ,,,,,0.21,0.16,"53,933",0.33,18.25,974,,"725,000",18,,2,1.3,4,6,1.5,2,3,2.6,,22.4442623
,Olofsson Gustav,MIN,23,,,,,2,13,,,,,0,3,,,,,0 ,,,,,0 ,,,,,0.00,0.23,"38,313",0.67,13.48,1002,,"725,000",19,,1,1.9,4,6,1.5,2,3,-0.2,,19.19230769
,Postma Paul ,BOS,28,3,34,20,42,26,65,0,9,3,6,2,14,,,,,0 ,,,,,0 ,,0.26,0.15,0.14,0.08,0.22,"41,050",0.03,10.85,1013,,"725,000",18,,2,1.8,4,6,1.5,4,3,-1.3,-2,18.96615385
x,Reilly Mike,MIN,24,,,,,29,17,,,,,7,1,,,,,0 ,,,,,0 ,,,,,0.24,0.06,"150,305",1.26,12.38,996,,"725,000",19,,2,0.5,2,3,1.5,3,3,0.4,,15.38235294
,Hanley Joel,ARI,26,,,,,10,7,,,,,6,0,,,,,0 ,,,,,0 ,,,,,0.60,0.00,,0.01,10.15,886,,"725,000",18,,1,0.0,2,0,1.5,1,3,5,,13.5
,Bodnarchuk Andrew,DAL,29,,,,,37,,,,,,4,,,,,,0 ,,,,,0 ,,,,,0.11,,,,,1000,,"725,000",18,,1,0.0,2,0,0.8,2,3,0,,8.75
,Lindholm Anton,COL,23,,,,,,12,,,,,,0,,,,,0 ,,,,,0 ,,,,,,0.00,,0.02,14.77,881,,"717,500",19,,1,0.0,2,0,1.5,2,3,5,,14.5
,Nogier Nelson,WPG,22,,,,,,10,,,,,,0,,,,,0 ,,,,,0 ,,,,,,0.00,,0.04,11.72,997,,"713,333",19,,1,0.0,2,0,1.5,2,3,0.3,,9.8
,Streit Mark ,MTL,40,82,48,82,81,62,68,47,27,44,52,23,27,,,,,0 ,,,29,,29 ,0.57,0.56,0.54,0.64,0.37,0.40,"21,500",2.25,18.72,995,,"700,000",18,,4,3.3,6,6,2.3,3,1,0.5,,26.00588235
,Auvitu Yohann,EDM,29,,,,,,25,,,,,,4,,,,,0 ,,,,,0 ,,,,,,0.16,"53,354",2.09,15.6,1005,,"700,000",18,,1,1.3,4,6,2.3,2,3,-0.5,,19.062
,Grant Alex,MIN,29,,,,,5,,,,,,0,,,,,,0 ,,,,,0 ,,,,,0.00,,,,,1000,,"700,000",18,,1,0.0,2,0,0.8,2,3,0,,8.75
,Kukan Dean,CBJ,24,,,,,8,,,,,,0,,,,,,0 ,,,,,0 ,,,,,0.00,,,,,1000,,"700,000",18,,1,0.0,2,0,0.8,2,3,0,,8.75
,Stanton Ryan ,EDM,28, ,,64,54,1,, ,,16,11,0,,,,,,0 ,,,,,0 ,,,0.25,0.20,0.00,,,,,1000,,"700,000",19,,1,0.0,2,0,0.8,4,1,0,,8.75
,Guhle Brendan,BUF,21,,,,,,3,,,,,,0,,,,,0 ,,,,,0 ,,,,,,0.00,,0.04,16.35,1050,,"697,500",20,,1,0.0,2,0,1.5,2,3,-5,,4.5
,Warsofsky David,COL,27,,,,4,22,7,,,,1,2,1,,,,,0 ,,,,,0 ,,,,0.25,0.09,0.14,"57,622",0.97,15.73,971,,"675,000",19,,1,1.2,2,6,1.5,3,2,2.9,,19.57142857
,Harrington Scott,CBJ,24,,,,10,15,22,,,,0,1,3,,,,,0 ,,,,,0 ,,,,0.00,0.07,0.14,"60,366",0.00,13,1030,,"675,000",19,,1,1.1,2,4.5,0.8,2,3,-3,,11.36818182
,Simpson Dillon,EDM,25,,,,,,3,,,,,,0,,,,,0 ,,,,,0 ,,,,,,0.00,,0.00,10.88,994,,"675,000",18,,1,0.0,2,0,0.8,2,3,0.6,,9.35
,Weegar Mackenzie,FLA,24,,,,,,3,,,,,,0,,,,,0 ,,,,,0 ,,,,,,0.00,,1.94,17.45,1037,,"675,000",18,,1,0.0,2,0,2.3,2,3,-3.7,,6.55
,Carrier Alex,NSH,21,,,,,,2,,,,,,0,,,,,0 ,,,,,0 ,,,,,,0.00,,0.00,10.4,1143,,"668,333",20,,1,0.0,2,0,0.8,2,3,-5,,3.75
,McEneny Evan,VAN,24,,,,,,1,,,,,,0,,,,,0 ,,,,,0 ,,,,,,0.00,,0.00,15.13,833,,"657,500",19,,1,0.0,2,0,0.8,2,3,5,,13.75
,Lernout Brett,MTL,22,,,,,1,2,,,,,0,0,,,,,0 ,,,,,0 ,,,,,0.00,0.00,,0.00,19,913,,"653,333",19,,1,0.0,2,0,0.8,2,3,5,,13.75
,Harpur Ben,OTT,23,,,,,5,6,,,,,1,0,,,,,0 ,,,,,0 ,,,,,0.20,0.00,,0.51,17.8,969,,"653,333",18,,1,0.0,2,0,1.5,2,3,3.1,,12.6
,Claesson Fredrik,OTT,25,,,,,16,33,,,,,2,11,,,,,0 ,,,,,0 ,,,,,0.13,0.33,"23,780",0.24,13.13,991,,"650,000",18,SLEEPER,2,2.7,6,6,1.5,2,3,0.9,,24.13333333
,Clendening Adam,ARI,25,,,,21,29,31,,,,4,7,11,,,,,0 ,,,,,0 ,,,,0.19,0.24,0.35,"22,339",1.50,15.82,1002,,"650,000",18,,2,2.9,6,6,2.3,2,3,-0.2,,23.95967742
,Wiercioch Patrick,VAN,27, ,42,53,56,52,57, ,19,23,13,5,12,,,,,0 ,,,,,0 ,,0.45,0.43,0.23,0.10,0.21,"37,652",0.96,16.68,969,,"650,000",18,,3,1.7,4,6,1.5,2,2,3.1,,23.32631579
,McIlrath Dylan,DET,25,,,,1,34,6,,,,0,4,1,,,,,0 ,,,,,0 ,,,,0.00,0.12,0.17,"47,561",0.03,9.52,963,,"650,000",19,,1,1.4,4,6,1.5,2,3,3.7,,22.56666667
,Falk Justin ,BUF,29,47,36,21,18,24,52,9,3,2,2,4,8,,,,,0 ,,,,,0 ,0.19,0.08,0.10,0.11,0.17,0.15,"51,524",0.07,13.7,983,,"650,000",18,,1,1.3,4,6,1.5,4,3,1.7,,22.46153846
,DeMelo Dylan,SJS,24,,,,,45,25,,,,,4,8,,,,,0 ,,,,,0 ,,,,,0.09,0.32,"24,771",1.39,15.9,1001,,"650,000",18,,1,2.6,6,6,1.5,2,3,-0.1,,22.024
,Gaunce Cameron,CBJ,28,,,,,,12,,,,,,4,,,,,0 ,,,,,0 ,,,,,,0.33,"23,780",0.00,12.52,998,,"650,000",18,,1,2.7,6,6,0.8,2,3,0.2,,21.68333333
x,Forbort Derek,LAK,25,,,,,14,82,,,,,2,18,,,,,0 ,,,,,0 ,,,,,0.14,0.22,"36,111",0.21,20.12,998,,"650,000",18,,3,1.8,4,6,1.5,2,3,0.2,,21.5
,Hunt Brad,VGK,29,,,,11,7,12,,,,3,0,6,,,,,0 ,,,,,0 ,,,,0.27,0.00,0.50,"15,854",0.64,14.5,1057,,"650,000",19,,1,4.1,8,6,1.5,2,3,-5,,20.6
,Tennyson Matt,BUF,27,,,,27,29,45,,,,8,4,6,,,,,0 ,,,,,0 ,,,,0.30,0.14,0.13,"59,451",0.07,13.28,971,,"650,000",19,,1,1.1,2,6,1.5,3,2,2.9,,19.49333333
,Kulak Brett,CGY,23,,,,1,8,21,,,,0,0,3,,,,,0 ,,,,,0 ,,,,0.00,0.00,0.14,"55,488",0.34,14.25,973,,"650,000",18,,1,1.2,2,6,1.5,2,3,2.7,,19.37142857
,Kampfer Steven,NYR,29,,,,25,47,11,,,,4,4,2,,,,,0 ,,,,,0 ,,,,0.16,0.09,0.18,"43,598",0.07,13.25,979,,"650,000",19,,1,1.5,4,6,1.5,2,3,2.1,-2,19.09090909
,Prosser Nate ,STL,31,51,17,53,63,54,39,12,0,8,7,3,7,,,,,0 ,,,,,0 ,0.24,0.00,0.15,0.11,0.06,0.18,"44,164",0.06,12.72,1010,,"650,000",19,,3,1.5,4,6,1.5,4,3,-1,-3,18.97179487
,Strait Brian ,NJD,30,9,19,47,52,52,5,1,4,9,7,6,2,,,,,0 ,,,,,0 ,,0.21,0.19,0.13,0.12,0.40,"19,817",0.28,15.93,1060,,"650,000",18,,2,3.3,6,6,1.5,3,4,-5,-2,18.78
,Rozsival Michal ,CHI,39,54,27,42,65,51,22,13,12,8,13,13,3,,,,,0 ,,,,,0 ,0.24,0.44,0.19,0.20,0.25,0.14,"58,130",0.18,15.5,978,,"650,000",18,,2,1.1,2,6,1.5,4,2,2.2,-3,17.81818182
,Gravel Kevin,LAK,25,,,,,5,49,,,,,0,7,,,,,0 ,,,,,0 ,,,,,0.00,0.14,"55,488",1.01,14.15,993,,"650,000",18,,1,1.2,2,6,1.5,2,3,0.7,,17.37142857
,Irwin Matt ,NSH,30, ,38,62,53,2,74, ,12,20,19,0,14,,,,,0 ,,,,,0 ,,0.32,0.32,0.36,0.00,0.19,"41,899",0.05,16.27,1019,,"650,000",18,,2,1.6,4,6,1.5,2,2,-1.9,,17.15135135
,Morrow Joe,MTL,25,,,,15,33,17,,,,1,7,1,,,,,0 ,,,,,0 ,,,,0.07,0.21,0.06,"134,756",0.08,15.53,969,,"650,000",18,,1,0.5,2,3,1.5,3,2,3.1,,16.08235294
,Weber Yannick ,NSH,29,60,6,49,65,45,73,18,2,10,21,7,8,,,,,0 ,,,,,0 ,0.30,,0.20,0.32,0.16,0.11,"72,332",0.17,11.92,1001,,"650,000",18,,3,0.9,2,4.5,1.5,3,1,-0.1,,15.79863014
,Oleksy Steve,ANA,31,,28,33,1,,11,,9,10,0,,1,,,,,0 ,,,,,0 ,,0.32,0.30,0.00,,0.09,"87,195",0.03,13.7,1001,,"650,000",19,,1,0.7,2,4.5,1.5,3,3,-0.1,,15.64545455
,Lashoff Brian ,DET,27, ,31,75,11,,5, ,5,6,2,,0,,,,,0 ,,,,,0 ,,0.16,0.08,0.18,,0.00,,0.06,12.52,855,,"650,000",19,,1,0.0,2,0,1.5,4,2,5,,15.5
,Ruhwedel Chad ,PIT,27, ,7,21,4,1,34, ,0,1,1,0,10,,,,,0 ,,,,,0 ,,,0.05,0.25,0.00,0.29,"26,951",1.00,17.33,1038,,"650,000",19,,1,2.4,4,6,1.5,1,3,-3.8,,15.11176471
,Lindbohm Petteri,STL,,,,,23,10,7,,,,3,0,0,,,,,0 ,,,,,0 ,,,,0.13,0.00,0.00,,0.00,12.98,908,,"650,000",18,,1,0.0,2,0,0.8,4,2,5,,14.75
,Wotherspoon Tyler,CGY,24,,,,1,11,4,,,,0,1,0,,,,,0 ,,,,,0 ,,,,0.00,0.09,0.00,,0.10,10.9,889,,"650,000",18,,1,0.0,2,0,1.5,2,3,5,,14.5
,Burgdoerfer Erik,OTT,29,,,,,,2,,,,,,0,,,,,0 ,,,,,0 ,,,,,,0.00,,0.00,11.17,889,,"650,000",19,,1,0.0,2,0,0.8,2,3,5,,13.75
,Oesterle Jordan,CHI,25,,,,6,17,2,,,,1,5,0,,,,,0 ,,,,,0 ,,,,0.17,0.29,0.00,,0.35,17.28,889,,"650,000",19,,1,0.0,2,0,1.5,2,2,5,,13.5
,Fedun Taylor,BUF,29,,,,7,1,27,,,,4,1,7,,,,,0 ,,,,,0 ,,,,0.57,1.00,0.26,"30,575",1.28,13.37,1035,,"650,000",19,,1,2.1,4,6,1.5,1,1,-3.5,,13.12592593
,McBain Jamie ,TBL,29,76,40,69,26,44,3,27,8,17,9,9,0,,,,,0 ,,,,,0 ,0.36,0.20,0.25,0.35,0.20,0.00,,1.98,16.67,977,,"650,000",18,,2,0.0,2,0,2.3,3,1,2.3,,12.55
,Nelson Casey,BUF,25,,,,,7,11,,,,,4,0,,,,,0 ,,,,,0 ,,,,,0.57,0.00,,0.21,12.6,971,,"650,000",18,,1,0.0,2,0,1.5,2,3,2.9,,12.4
,Russo Robbie,DET,24,,,,,,19,,,,,,0,,,,,0 ,,,,,0 ,,,,,,0.00,,0.10,16.07,971,,"650,000",19,,1,0.0,2,0,1.5,2,3,2.9,,12.4
,Helgeson Seth,NYI,27,,,,22,19,9,,,,2,1,1,,,,,0 ,,,,,0 ,,,,0.09,0.05,0.11,"71,341",0.00,13.47,1018,,"650,000",18,,1,0.9,2,4.5,0.8,2,3,-1.8,,12.36111111
,Corrado Frank ,PIT,24, ,3,15,10,39,4, ,0,1,1,6,0,,,,,0 ,,,,,0 ,,,0.07,0.10,0.15,0.00,,0.07,10.77,991,,"650,000",18,,1,0.0,2,0,1.5,4,2,0.9,,11.4
,Summers Chris ,PIT,30,21,6,18,20,3,,3,0,3,3,0,,,,,,0 ,,,,,0 ,0.14,,0.17,0.15,0.00,,,,,1000,,"650,000",19,,1,0.0,2,0,0.8,4,2,0,,9.75
,Tinordi Jarred ,PIT,25, ,8,22,13,10,, ,2,2,2,0,,,,,,0 ,,,,,0 ,,,0.09,0.15,0.00,,,,,1000,,"650,000",18,,1,0.0,2,0,0.8,4,2,0,,9.75
,Heed Tim,SJS,27,,,,,,1,,,,,,0,,,,,0 ,,,,,0 ,,,,,,0.00,,0.85,16.48,1000,,"650,000",19,,1,0.0,2,0,1.5,2,3,0,,9.5
,Alt Mark,PHI,26,,,,1,,,,,,0,,,,,,,0 ,,,,,0 ,,,,0.00,,,,,,1000,,"650,000",18,,1,0.0,2,0,0.8,2,3,0,,8.75
,Campbell Andrew,ARI,30,,,,33,6,,,,,1,1,,,,,,0 ,,,,,0 ,,,,0.03,0.17,,,,,1000,,"650,000",19,,1,0.0,2,0,0.8,3,2,0,,8.75
,Cross Tommy,BOS,28,,,,,3,,,,,,1,,,,,,0 ,,,,,0 ,,,,,0.33,,,,,1000,,"650,000",18,,1,0.0,2,0,0.8,2,3,0,,8.75
,Gustafsson Erik,CHI,25,,,,,41,,,,,,14,,,,,,0 ,,,,,0 ,,,,,0.34,,,,,1000,,"650,000",18,,1,0.0,2,0,0.8,2,3,0,,8.75
,Lowe Keegan,EDM,24,,,,2,,,,,,0,,,,,,,0 ,,,,,0 ,,,,0.00,,,,,,1000,,"650,000",18,,1,0.0,2,0,0.8,2,3,0,,8.75
,Regner Brent,DAL,28,,,,,7,,,,,,0,,,,,,0 ,,,,,0 ,,,,,0.00,,,,,1000,,"650,000",18,,1,0.0,2,0,0.8,2,3,0,,8.75
,Samuelsson Philip,CAR,26,,,,4,4,,,,,0,0,,,,,,0 ,,,,,0 ,,,,0.00,0.00,,,,,1000,,"650,000",18,,1,0.0,2,0,0.8,2,3,0,,8.75
,Schilling Cameron,WPG,29,,,,4,,,,,,0,,,,,,,0 ,,,,,0 ,,,,0.00,,,,,,1000,,"650,000",18,,1,0.0,2,0,0.8,2,3,0,,8.75
,Taormina Matt,MTL,31,,,,,3,,,,,,0,,,,,,0 ,,,,,0 ,,,,,0.00,,,,,1000,,"650,000",19,,1,0.0,2,0,0.8,2,3,0,,8.75
,Trotman Zach,PIT,27,,,,27,38,,,,,5,7,,,,,,0 ,,,,,0 ,,,,0.19,0.18,,,,,1000,,"650,000",18,,1,0.0,2,0,0.8,3,2,0,,8.75
,Loov Viktor,NJD,25,,,,,4,,,,,,2,,,,,,0 ,,,,,0 ,,,,,0.50,,,,,1000,,"650,000",18,,1,0.0,2,0,0.8,1,3,0,,7.75
,Sieloff Patrick,OTT,23,,,,,1,,,,,,1,,,,,,0 ,,,,,0 ,,,,,1.00,,,,,1000,,"650,000",18,,1,0.0,2,0,0.8,1,3,0,,7.75
,Butler Chris ,STL,31,68,44,82,33,5,1,15,8,16,9,0,0,,,,,0 ,,,,,0 ,0.22,0.18,0.20,0.27,0.00,0.00,,0.58,21.47,1133,,"650,000",19,,2,0.0,2,0,1.5,3,1,-5,,4.5
,Megna Jaycob,ANA,25,,,,,,1,,,,,,0,,,,,0 ,,,,,0 ,,,,,,0.00,,0.00,15.33,1167,,"650,000",19,,1,0.0,2,0,0.8,2,3,-5,,3.75
x,Sproul Ryan,DET,25,,,,,,27,,,,,,7,,,,,0 ,,,,,0 ,,,,,,0.26,"29,399",2.08,15.15,985,,"625,000",18,,2,2.1,4,6,2.3,3,3,1.5,,23.87592593
,Mayfield Scott,NYI,25,,,,,6,25,,,,,1,9,,,,,0 ,,,,,0 ,,,,,0.17,0.36,"21,172",0.04,14.13,997,,"625,000",18,,1,3.0,6,6,1.5,2,3,0.3,,22.752
,Melchiori Julian,WPG,26,,,,,11,18,,,,,0,2,,,,,0 ,,,,,0 ,,,,,0.00,0.11,"68,598",0.05,18.37,1004,,"625,000",18,,1,0.9,2,4.5,1.5,2,3,-0.4,,14.51111111
,Brennan T.J. ,PHI,28,11,29, ,6,7,,1,10,0,1,1,,,,,,0 ,,,,,0 ,,0.34,,0.17,0.14,,,,,1000,,"625,000",18,,1,0.0,2,0,0.8,3,2,0,,8.75
,Redmond Zach ,MTL,29, ,8,10,59,37,16, ,4,3,20,6,5,,,,,0 ,,,,,0 ,,,,0.34,0.16,0.31,"23,902",0.01,12.32,1022,,"612,500",18,,2,2.6,6,6,1.5,2,2,-2.2,,19.8625
,Bitetto Anthony,NSH,27,,,,7,28,29,,,,0,6,7,,,,,0 ,,,,,0 ,,,,0.00,0.21,0.24,"30,945",0.20,11.8,1010,,"612,500",18,,1,2.0,4,6,1.5,2,3,-1,,18.47931034
,Bartkowski Matt ,CGY,29,3,11,64,47,80,24,0,2,18,4,18,2,,,,,0 ,,,,,0 ,,,0.28,0.09,0.23,0.08,"89,634",0.11,15.38,1000,,"612,500",18,,3,0.7,2,4.5,1.5,3,2,0,,16.68333333
,Ness Aaron,WSH,27,,,,,8,2,,,,,2,0,,,,,0 ,,,,,0 ,,,,,0.25,0.00,,0.00,12.83,923,,"612,500",18,,1,0.0,2,0,0.8,2,3,5,,13.75
,Granberg Petter,NSH,25,,,,7,27,10,,,,0,2,0,,,,,0 ,,,,,0 ,,,,0.00,0.07,0.00,,0.01,9.63,993,,"612,500",18,,1,0.0,2,0,1.5,2,3,0.7,,10.2
,Ramage John,CBJ,27,,,,1,1,,,,,0,0,,,,,,0 ,,,,,0 ,,,,0.00,0.00,,,,,1000,,"612,500",18,,1,0.0,2,0,0.8,2,3,0,,8.75
,Markov Andrei ,,,13,48,81,81,82,62,3,30,43,50,44,36,,,,,0 ,,,,,0 ,0.23,0.63,0.53,0.62,0.54,0.58,0,2.58,21.83,1024,,,,,4,4.8,8,0,2.3,4,2,-2.4,,0
,Franson Cody ,,,57,45,79,78,59,68,21,29,33,36,17,19,,,,,0 ,,,,,0 ,0.37,0.64,0.42,0.46,0.29,0.28,0,1.54,18.48,997,,,,,4,2.3,4,0,2.3,4,2,0.3,,0
,Wideman Dennis ,,,82,46,46,80,51,57,46,22,21,56,19,18,,,,,0 ,,,,,0 ,0.56,0.48,0.46,0.70,0.37,0.32,0,1.10,20.23,985,,,,,3,2.6,6,0,1.5,2,1,1.5,,0
,Campbell Brian ,,,82,48,82,82,82,80,53,27,37,27,31,17,,,,,0 ,,,,,0 ,0.65,0.56,0.45,0.33,0.38,0.21,0,1.67,18.43,1033,,,,,4,1.7,4,0,2.3,3,2,-3.3,,0
,Nesterov Nikita,,,,,,27,57,48,,,,7,9,17,,,,,0 ,,,,,0 ,,,,0.26,0.16,0.35,0,1.21,16.28,1004,,,,,2,2.9,6,0,1.5,2,2,-0.4,,0
,Polak Roman ,,,77,48,72,56,79,75,11,6,13,9,16,11,,,,,0 ,,,,,0 ,0.14,0.13,0.18,0.16,0.20,0.15,0,0.05,17.83,1006,,,,,4,1.2,2,0,1.5,4,2,-0.6,,0
,Tryamkin Nikita,VAN,,,,,,13,66,,,,,2,9,,,,,0 ,,,,,0 ,,,,,0.15,0.14,0,0.07,16.73,982,,,,,2,1.1,2,0,1.5,2,3,1.8,,0
,Marchenko Alexey,,,,,,13,66,41,,,,2,11,8,,,,,0 ,,,,,0 ,,,,0.15,0.17,0.20,0,0.12,16.95,1013,,,,,2,1.6,4,0,1.5,2,2,-1.3,,0
,Jokipakka Jyrki,,,,,,51,58,41,,,,10,12,6,,,,,0 ,,,,,0 ,,,,0.20,0.21,0.15,0,0.14,14.42,996,,,,,2,1.2,2,0,1.5,3,2,0.4,,0
,Larsen Philip,,,,,,,,26,,,,,,6,,,,,0 ,,,,,0 ,,,,,,0.23,0,2.14,16.47,986,,,,,1,1.9,4,0,2.3,2,4,1.4,,0
,Gilbert Tom ,,,47,43,73,72,45,18,17,13,28,12,2,5,,,,,0 ,,,,,0 ,0.36,0.30,0.38,0.17,0.04,0.28,0,1.59,15.45,963,,,,,3,2.3,4,0,2.3,2,3,3.7,,0
,Goloubef Cody,,,,,,36,43,33,,,,9,8,5,,,,,0 ,,,,,0 ,,,,0.25,0.19,0.15,0,0.07,16.98,963,,,,,2,1.2,4,0,1.5,3,2,3.7,,0
,Liles John-Michael,,,66,32,41,57,81,36,27,11,9,22,21,5,,,,,0 ,,,,,0 ,0.41,0.34,0.22,0.39,0.26,0.14,0,1.60,16.22,987,,,,,3,1.1,2,0,2.3,3,1,1.3,,0
,Kindl Jakub ,,,55,41,66,35,44,39,13,13,19,13,8,4,,,,,0 ,,,,,0 ,0.24,0.32,0.29,0.37,0.18,0.10,0,0.31,14.68,970,,,,,2,0.8,2,0,1.5,3,1,3,,0
,Schultz Nick ,,,62,48,69,80,81,28,3,9,5,15,10,4,,,,,0 ,,,,,0 ,0.05,0.19,0.07,0.19,0.12,0.14,0,0.07,15.25,995,,,,,3,1.2,2,0,1.5,4,2,0.5,,0
,Stollery Karl,,,,,,10,,11,,,,0,,3,,,,,0 ,,,,,0 ,,,,0.00,,0.27,0,2.53,16.92,955,,,,,1,2.2,4,0,2.3,2,4,4.5,,0
,Carle Matt ,,,82,48,82,59,64,6,38,22,31,18,9,1,,,,,0 ,,,,,0 ,0.46,0.46,0.38,0.31,0.14,0.17,0,0.08,13.15,924,,,,,3,1.4,4,0,1.5,4,2,5,,0
,Gelinas Eric,,,,,60,61,40,27,,,29,19,6,1,,,,,0 ,,,,,0 ,,,0.48,0.31,0.15,0.04,0,0.09,11.58,993,,,,,2,0.3,2,0,1.5,3,1,0.7,,0
,Austin Brady,,,,,,,,5,,,,,,0,,,,,0 ,,,,,0 ,,,,,,0.00,,0.00,16.08,990,,,,,1,0.0,2,0,0.8,2,3,1,,0
,Johnston Ryan,,,,,,,3,7,,,,,0,0,,,,,0 ,,,,,0 ,,,,,0.00,0.00,,0.01,9.87,925,,,,,1,0.0,2,0,1.5,2,3,5,,0
,Michalek Zbynek ,ARI,,62,34,59,68,70,3,13,2,10,12,7,0,,,,,0 ,,,,,0 ,0.21,0.06,0.17,0.18,0.10,0.00,,0.00,17.67,1016,,,,,3,0.0,2,0,0.8,4,2,-1.6,,0
,Nakladal Jakub,,,,,,,27,3,,,,,5,0,,,,,0 ,,,,,0 ,,,,,0.19,0.00,,0.00,14.5,852,,,,,1,0.0,2,0,0.8,3,3,5,,0
,Pardy Adam ,,,36,17,60,55,23,4,3,4,6,9,4,0,,,,,0 ,,,,,0 ,0.08,0.24,0.10,0.16,0.17,0.00,,0.00,11,960,,,,,2,0.0,2,0,0.8,4,2,4,,0
,Allen Bryan ,,,82,41,68,11,,,14,6,10,2,,,,,,,0 ,,,,,0 ,0.17,0.15,0.15,0.18,,,,,,1000,,,,,1,0.0,2,0,0.8,4,2,0,,0
,Allen Conor,,,,,,4,,,,,,0,,,,,,,0 ,,,,,0 ,,,,0.00,,,,,,1000,,,,,1,0.0,2,0,0.8,2,3,0,,0
,Aulie Keith ,,,17,45,15,31,,,2,7,1,1,,,,,,,0 ,,,,,0 ,0.12,0.16,0.07,0.03,,,,,,1000,,,,,1,0.0,2,0,0.8,4,2,0,,0
,Ballard Keith ,,,47,36,45,14,,,7,2,9,1,,,,,,,0 ,,,,,0 ,0.15,0.06,0.20,0.07,,,,,,1000,,,,,1,0.0,2,0,0.8,4,2,0,,0
,Bartley Victor ,,, ,24,50,37,10,, ,7,6,10,0,,,,,,0 ,,,,,0 ,,0.29,0.12,0.27,0.00,,,,,1000,,,,,1,0.0,2,0,0.8,3,1,0,,0
,Bellemore Brett ,,,,8,64,49,,,,2,8,10,,,,,,,0 ,,,,,0 ,,,0.13,0.20,,,,,,1000,,,,,1,0.0,2,0,0.8,4,1,0,,0
,Bickel Stu,,,,,,9,,,,,,1,,,,,,,0 ,,,,,0 ,,,,0.11,,,,,,1000,,,,,1,0.0,2,0,0.8,2,2,0,,0
,Biega Danny,,,,,,10,,,,,,2,,,,,,,0 ,,,,,0 ,,,,0.20,,,,,,1000,,,,,1,0.0,2,0,0.8,2,1,0,,0
,Blacker Jesse,,,,,,1,,,,,,0,,,,,,,0 ,,,,,0 ,,,,0.00,,,,,,1000,,,,,1,0.0,2,0,0.8,2,3,0,,0
,Blum Jonathon ,,,33,35,15,4,,,7,7,1,1,,,,,,,0 ,,,,,0 ,0.21,0.20,0.07,0.25,,,,,,1000,,,,,1,0.0,2,0,0.8,3,1,0,,0
,Boyle Dan ,,,81,46,75,65,74,,48,20,36,20,24,,,,,,0 ,,,,,0 ,0.59,0.43,0.48,0.31,0.32,,,,,1000,,,,,3,0.0,2,0,0.8,2,1,0,,0
,Brewer Eric ,,,82,48,77,44,,,21,12,17,11,,,,,,,0 ,,,,,0 ,0.26,0.25,0.22,0.25,,,,,,1000,,,,,2,0.0,2,0,0.8,4,1,0,,0
,Brouillette Julien,,,,,,1,,,,,,0,,,,,,,0 ,,,,,0 ,,,,0.00,,,,,,1000,,,,,1,0.0,2,0,0.8,2,3,0,,0
,Clark Mat,,,,,,7,,,,,,1,,,,,,,0 ,,,,,0 ,,,,0.14,,,,,,1000,,,,,1,0.0,2,0,0.8,2,2,0,,0
,Clitsome Grant ,,,51,44,32,24,,,14,16,12,4,,,,,,,0 ,,,,,0 ,0.27,0.36,0.38,0.17,,,,,,1000,,,,,1,0.0,2,0,0.8,3,2,0,,0
,Colaiacovo Carlo ,,,64,6,25,33,36,,19,1,4,8,5,,,,,,0 ,,,,,0 ,0.30,,0.16,0.24,0.14,,,,,1000,,,,,1,0.0,2,0,0.8,3,1,0,,0
,Cowen Jared ,,,82,7,68,54,37,,17,1,15,9,4,,,,,,0 ,,,,,0 ,0.21,0.14,0.22,0.17,0.11,,,,,1000,,,,,2,0.0,2,0,0.8,4,2,0,,0
,Cumiskey Kyle,,,,,,7,,,,,,0,,,,,,,0 ,,,,,0 ,,,,0.00,,,,,,1000,,,,,1,0.0,2,0,0.8,2,1,0,,0
,Diaz Raphael ,,,59,23,63,56,,,16,14,15,4,,,,,,,0 ,,,,,0 ,0.27,0.61,0.24,0.07,,,,,,1000,,,,,1,0.0,2,0,0.8,4,2,0,,0
,Dietz Darren,,,,,,,13,,,,,,5,,,,,,0 ,,,,,0 ,,,,,0.38,,,,,1000,,,,,1,0.0,2,0,0.8,1,3,0,,0
,Donovan Matt ,,,, ,52,12,,,, ,16,3,,,,,,,0 ,,,,,0 ,,,0.31,0.25,,,,,,1000,,,,,1,0.0,2,0,0.8,3,1,0,,0
,Ehrhoff C. ,,,66,47,79,49,48,,32,22,33,14,12,,,,,,0 ,,,,,0 ,0.48,0.47,0.42,0.29,0.25,,,,,1000,,,,,2,0.0,2,0,0.8,3,1,0,,0
,Ellerby Keaton ,,,40,35,51,1,,,5,3,6,1,,,,,,,0 ,,,,,0 ,0.13,0.09,0.12,0.00,,,,,,1000,,,,,1,0.0,2,0,0.8,4,3,0,,0
,Elliott Stefan ,NSH,,39,18,,5,21,,13,4,,0,6,,,,,,0 ,,,,,0 ,0.33,0.22,,0.00,0.29,,,,,1000,,,,,1,0.0,2,0,0.8,2,3,0,,0
,Ellis Morgan,,,,,,,3,,,,,,0,,,,,,0 ,,,,,0 ,,,,,0.00,,,,,1000,,,,,1,0.0,2,0,0.8,2,3,0,,0
,Erixon Tim ,,,18,31,2,42,71,,2,5,0,7,15,,,,,,0 ,,,,,0 ,0.11,0.16,,0.17,0.21,,,,,1000,,,,,1,0.0,2,0,0.8,3,2,0,,0
,Ference Andrew ,,,72,48,71,70,6,,24,13,18,14,0,,,,,,0 ,,,,,0 ,0.33,0.27,0.25,0.20,0.00,,,,,1000,,,,,2,0.0,2,0,0.8,4,1,0,,0
,Fistric Mark ,,,60,25,34,9,,,2,6,5,0,,,,,,,0 ,,,,,0 ,0.03,0.24,0.15,0.00,,,,,,1000,,,,,1,0.0,2,0,0.8,4,3,0,,0
,Fraser Mark ,,,4,45,42,34,,,0,8,2,4,,,,,,,0 ,,,,,0 ,,0.18,0.05,0.12,,,,,,1000,,,,,1,0.0,2,0,0.8,4,2,0,,0
,Gleason Tim ,,,82,42,56,72,,,18,9,6,9,,,,,,,0 ,,,,,0 ,0.22,0.21,0.11,0.13,,,,,,1000,,,,,2,0.0,2,0,0.8,4,2,0,,0
,Gonchar Sergei ,,,74,45,76,48,,,37,27,22,14,,,,,,,0 ,,,,,0 ,0.50,0.60,0.29,0.29,,,,,,1000,,,,,2,0.0,2,0,0.8,4,1,0,,0
,Gormley Brandon ,,, , ,5,27,26,, , ,0,4,1,,,,,,0 ,,,,,0 ,,,,0.15,0.04,,,,,1000,,,,,1,0.0,2,0,0.8,4,2,0,,0
,Gragnani Marc-Andre,,,,,,,4,,,,,,0,,,,,,0 ,,,,,0 ,,,,,0.00,,,,,1000,,,,,1,0.0,2,0,0.8,2,3,0,,0
,Grossmann N. ,,,52,30,78,68,58,,5,4,14,14,7,,,,,,0 ,,,,,0 ,0.10,0.13,0.18,0.21,0.12,,,,,1000,,,,,3,0.0,2,0,0.8,4,1,0,,0
,Guenin Nate ,,,15, ,68,76,29,,2, ,9,15,0,,,,,,0 ,,,,,0 ,0.13,,0.13,0.20,0.00,,,,,1000,,,,,2,0.0,2,0,0.8,4,2,0,,0
,Hannan Scott ,,,78,29,56,58,,,12,1,12,7,,,,,,,0 ,,,,,0 ,0.15,0.03,0.21,0.12,,,,,,1000,,,,,1,0.0,2,0,0.8,4,2,0,,0
,Harrison Jay ,,,72,47,68,55,,,23,10,15,9,,,,,,,0 ,,,,,0 ,0.32,0.21,0.22,0.16,,,,,,1000,,,,,2,0.0,2,0,0.8,4,2,0,,0
,Harrold Peter ,,,11,23,33,43,,,2,5,4,5,,,,,,,0 ,,,,,0 ,0.18,0.22,0.12,0.12,,,,,,1000,,,,,1,0.0,2,0,0.8,4,2,0,,0
,Hejda Jan ,,,81,46,78,81,,,19,10,17,13,,,,,,,0 ,,,,,0 ,0.23,0.22,0.22,0.16,,,,,,1000,,,,,2,0.0,2,0,0.8,4,2,0,,0
,Hillen Jack ,,,55,23,13,38,,,6,9,1,5,,,,,,,0 ,,,,,0 ,0.11,0.39,0.08,0.13,,,,,,1000,,,,,1,0.0,2,0,0.8,4,2,0,,0
,Hrabarenka Raman,,,,,,1,,,,,,0,,,,,,,0 ,,,,,0 ,,,,0.00,,,,,,1000,,,,,1,0.0,2,0,0.8,2,3,0,,0
,Jackman Barret ,,,81,46,79,80,73,,13,12,15,15,5,,,,,,0 ,,,,,0 ,0.16,0.26,0.19,0.19,0.07,,,,,1000,,,,,3,0.0,2,0,0.8,4,2,0,,0
,Jordan Michal,,,,,,38,36,,,,,6,1,,,,,,0 ,,,,,0 ,,,,0.16,0.03,,,,,1000,,,,,1,0.0,2,0,0.8,3,2,0,,0
,Kostka Mike ,,, ,35,28,7,15,, ,8,11,1,1,,,,,,0 ,,,,,0 ,,0.23,0.39,0.14,0.07,,,,,1000,,,,,1,0.0,2,0,0.8,3,2,0,,0
x,Kylington Oliver,CGY,,,,,,1,,,,,,0,,,,,,0 ,,,,,0 ,,,,,0.00,,,,,1000,,,,,1,0.0,2,0,0.8,3,3,0,,0
,Lauridsen Oliver,,,,,,1,,,,,,0,,,,,,,0 ,,,,,0 ,,,,0.00,,,,,,1000,,,,,1,0.0,2,0,0.8,2,3,0,,0
,Leopold Jordan ,,,79,39,27,43,,,24,10,6,4,,,,,,,0 ,,,,,0 ,0.30,0.26,0.22,0.09,,,,,,1000,,,,,1,0.0,2,0,0.8,4,2,0,,0
,MacWilliam Andrew,,,,,,12,,,,,,2,,,,,,,0 ,,,,,0 ,,,,0.17,,,,,,1000,,,,,1,0.0,2,0,0.8,3,2,0,,0
,Medvedev Evgeny,,,,,,,45,,,,,,12,,,,,,0 ,,,,,0 ,,,,,0.27,,,,,1000,,,,,1,0.0,2,0,0.8,2,3,0,,0
,Meszaros Andrej ,,,62,11,52,60,,,25,2,22,14,,,,,,,0 ,,,,,0 ,0.40,0.18,0.42,0.23,,,,,,1000,,,,,1,0.0,2,0,0.8,3,1,0,,0
,Mitchell Willie ,,,76, ,76,66,46,,24, ,12,8,7,,,,,,0 ,,,,,0 ,0.32,,0.16,0.12,0.15,,,,,1000,,,,,2,0.0,2,0,0.8,4,2,0,,0
,Mozik Vojtech,NJD,,,,,,7,,,,,,0,,,,,,0 ,,,,,0 ,,,,,0.00,,,,,1000,,,,,1,0.0,2,0,0.8,2,3,0,,0
,Musil David,,,,,,4,,,,,,2,,,,,,,0 ,,,,,0 ,,,,0.50,,,,,,1000,,,,,1,0.0,2,0,0.8,1,1,0,,0
,Nikitin Nikita ,,,7,38,66,42,11,,0,9,15,10,1,,,,,,0 ,,,,,0 ,,0.24,0.23,0.24,0.09,,,,,1000,,,,,1,0.0,2,0,0.8,4,1,0,,0
,O'Brien Shane,,,,,,9,,,,,,1,,,,,,,0 ,,,,,0 ,,,,0.11,,,,,,1000,,,,,1,0.0,2,0,0.8,2,2,0,,0
,Olsen Dylan ,,,28, ,44,44,8,,1, ,12,8,1,,,,,,0 ,,,,,0 ,0.04,,0.27,0.18,0.13,,,,,1000,,,,,1,0.0,2,0,0.8,4,2,0,,0
,Paliotta Michael,,,,,,1,1,,,,,1,0,,,,,,0 ,,,,,0 ,,,,1.00,0.00,,,,,1000,,,,,1,0.0,2,0,0.8,1,1,0,,0
,Percy Stuart,,,,,,9,3,,,,,3,0,,,,,,0 ,,,,,0 ,,,,0.33,0.00,,,,,1000,,,,,1,0.0,2,0,0.8,2,1,0,,0
,Phillips Chris ,,,80,48,70,36,,,19,14,15,3,,,,,,,0 ,,,,,0 ,0.24,0.29,0.21,0.08,,,,,,1000,,,,,1,0.0,2,0,0.8,4,2,0,,0
,Piskula Joe,,,,,,1,,,,,,0,,,,,,,0 ,,,,,0 ,,,,0.00,,,,,,1000,,,,,1,0.0,2,0,0.8,2,3,0,,0
,Potter Corey ,,,62,33,19,6,1,,21,4,5,0,0,,,,,,0 ,,,,,0 ,0.34,0.12,0.26,0.00,0.00,,,,,1000,,,,,1,0.0,2,0,0.8,4,3,0,,0
,Reese Dylan,,,,,,1,,,,,,0,,,,,,,0 ,,,,,0 ,,,,0.00,,,,,,1000,,,,,1,0.0,2,0,0.8,2,3,0,,0
,Regehr Robyn ,,,76,41,79,67,,,5,4,14,13,,,,,,,0 ,,,,,0 ,0.07,0.10,0.18,0.19,,,,,,1000,,,,,2,0.0,2,0,0.8,4,2,0,,0
,Rissanen Rasmus,,,,,,6,,,,,,0,,,,,,,0 ,,,,,0 ,,,,0.00,,,,,,1000,,,,,1,0.0,2,0,0.8,2,3,0,,0
,Robak Colby ,,,3,16,16,12,,,0,1,2,1,,,,,,,0 ,,,,,0 ,,0.06,0.13,0.08,,,,,,1000,,,,,1,0.0,2,0,0.8,4,2,0,,0
,Robidas Stephane ,,,75,48,38,52,,,22,13,10,7,,,,,,,0 ,,,,,0 ,0.29,0.27,0.26,0.13,,,,,,1000,,,,,1,0.0,2,0,0.8,4,2,0,,0
,Rundblad David ,,,24,8,17,49,9,,4,1,1,14,2,,,,,,0 ,,,,,0 ,0.17,,0.06,0.29,0.22,,,,,1000,,,,,1,0.0,2,0,0.8,2,1,0,,0
,Salvador Bryce ,,,82,39,40,15,,,9,2,4,2,,,,,,,0 ,,,,,0 ,0.11,0.05,0.10,0.13,,,,,,1000,,,,,1,0.0,2,0,0.8,4,2,0,,0
,Schultz Jeff ,,,54,26,,9,1,,6,3,,1,0,,,,,,0 ,,,,,0 ,0.11,0.12,,0.11,0.00,,,,,1000,,,,,1,0.0,2,0,0.8,2,2,0,,0
,Scuderi Rob ,,,82,48,53,82,63,,9,12,4,10,10,,,,,,0 ,,,,,0 ,0.11,0.25,0.08,0.12,0.16,,,,,1000,,,,,3,0.0,2,0,0.8,4,2,0,,0
,Smid Ladislav ,,,78,48,73,31,22,,15,4,8,1,0,,,,,,0 ,,,,,0 ,0.19,0.08,0.11,0.03,0.00,,,,,1000,,,,,2,0.0,2,0,0.8,4,2,0,,0
,St-Denis Frdric,,,,,,4,,,,,,1,,,,,,,0 ,,,,,0 ,,,,0.25,,,,,,1000,,,,,1,0.0,2,0,0.8,3,1,0,,0
,Strachan Tyson,,,,,,46,2,,,,,5,0,,,,,,0 ,,,,,0 ,,,,0.11,0.00,,,,,1000,,,,,1,0.0,2,0,0.8,2,2,0,,0
,Stuart Brad ,,,81,48,61,65,6,,21,6,11,13,0,,,,,,0 ,,,,,0 ,0.26,0.13,0.18,0.20,0.00,,,,,1000,,,,,2,0.0,2,0,0.8,4,1,0,,0
,Timonen Kimmo ,,,76,45,77,16,,,43,29,35,0,,,,,,,0 ,,,,,0 ,0.57,0.64,0.45,0.00,,,,,,1000,,,,,1,0.0,2,0,0.8,3,3,0,,0
,Visnovsky L. ,,,68,35,24,53,,,27,14,11,20,,,,,,,0 ,,,,,0 ,0.40,0.40,0.46,0.38,,,,,,1000,,,,,1,0.0,2,0,0.8,3,1,0,,0
,Volchenkov Anton ,,,72,37,56,46,,,11,5,8,7,,,,,,,0 ,,,,,0 ,0.15,0.14,0.14,0.15,,,,,,1000,,,,,1,0.0,2,0,0.8,4,2,0,,0
,Weaver Mike ,,,82,27,72,31,,,16,9,13,4,,,,,,,0 ,,,,,0 ,0.20,0.33,0.18,0.13,,,,,,1000,,,,,1,0.0,2,0,0.8,4,2,0,,0
,Weber Mike ,,,51,42,68,64,45,,5,7,9,7,5,,,,,,0 ,,,,,0 ,0.10,0.17,0.13,0.11,0.11,,,,,1000,,,,,2,0.0,2,0,0.8,4,2,0,,0
,Wilson Ryan ,,,5,12,28,3,,,0,3,6,0,,,,,,,0 ,,,,,0 ,,,0.21,0.00,,,,,,1000,,,,,1,0.0,2,0,0.8,4,3,0,,0
,Wisniewski James ,,,48,30,75,69,1,,27,14,51,34,0,,,,,,0 ,,,,,0 ,0.56,0.47,0.68,0.49,0.00,,,,,1000,,,,,2,0.0,2,0,0.8,2,1,0,,0
,Zidlicky Marek ,,,41,48,81,84,53,,14,19,42,34,16,,,,,,0 ,,,,,0 ,0.34,0.40,0.52,0.40,0.30,,,,,1000,,,,,3,0.0,2,0,0.8,2,1,0,,0