,DOB,Birth City,S/P,Cntry,Nat,Ht,Wt,Sh,Dft Yr,Rd,Ovrl,Debut,Seas,nhlID,Last Name,First Name,Team(s),GP,GS,GR,W,L,T,OTL,SA,SV,GA,SV%,GAA,GSAA,GSAA,T-SAX,SAX,MIN,SO,G,A,PTS,PIM,PenT,PenD,PenDf,SH%,Supp,QoC,QoS,StMin,StSV,StGA,StSV%,StGAA,QS,QS,QS%,RBS,Pull,ReMin,ReSV,ReGA,ReSV%,ReGAA,HP S,HP G,HP SV%,HighS,HighG,HighSV%,MedS,MedG,LowS,LowG,AdjSV%,EVSA,EVGA,EV SV%,PP SA,PP GA,PP SV%,SH SA,SH GA,SH SV%,AdjSV%,CA,FA,SA,xGA,GA,SCA,HDCA,HDGA,TrueSV%,ExpSV%,xGSAA,ZS%,OZS,DZS,NZS,CF,FF,SF,GF,SCF,HDCF,HDGF,SOS,SOG,SO SV%,SOW,SOL,NMC,Status,Salary,Cap Hit,GVA,Pace,GPS,Ginj,Injuries,CHIP,GP,GS,W,L,OTL,GA,SA,SO,PIM,MIN,QS,RBS,GPS
1,1998/09/20,Lantzville,BC,CAN,CAN,73,189,L,2017,7,194,2017,1,8480263,Ferguson,Dylan,VGK,1,0,1,0,0,0,0,2,1,1,.500,6.50,-0.8,-0.7,-0.8,0.0,554,0,0,0,0,0,0,1,1,0.0%,0.00,,7,,,,.000,0.00,0,,0.0%,,,9.2,1,1,.500,6.50,,,,2,1,.500,0,0,0,0,.112,1,0,1.000,1,1,.000,0,0,.000,.824,8,4,2,0.3,1,1,1,0,.750,.840,-.7,57.1%,4,3,2,5,3,3,0,2,0,0,,, ,,,,RFA,"$700,000","$716,666",0,84.5,-0.1,,,,1,0,0,0,0,1,2,0,0,9,0,0,-0.1
2,1982/09/18,Banská Bystrica,,SVK,SVK,73,196,L,2001,2,63,2005,12,8469514,Budaj,Peter,TBL,8,7,1,3,3,0,1,217,190,27,.876,3.76,-8.2,-8.5,-7.0,-6.3,25824,0,0,0,0,0,0,1,1,11.3%,3.76,9.23%,9.54,410.4,187,26,.878,3.80,2,2,28.6%,1,2,20.0,3,1,.750,3.00,,,,44,16,.636,98,10,75,1,.875,168,15,.911,42,11,.738,7,1,.857,.884,374,291,217,18.5,27,71,71,17,.907,.915,-8.5,55.3%,166,134,154,434,332,240,27,227,74,14,3,1,.929,0,1,,UFA,"$1,025,000","$1,025,000",1,112.6,0.3,32,Leg,400,365,246,158,131,40,903,9418,18,20,20144,117,41,50.7
3,1990/03/02,Barrie,ON,CAN,CAN,75,202,R,2008,3,77,2013,5,8474636,Hutchinson,Michael,WPG,3,3,0,2,1,0,0,75,68,7,.907,3.26,-0.5,1.0,0.1,-0.2,7725,0,0,1,1,0,0,0,0,12.3%,3.73,9.41%,9.81,128.8,68,7,.907,3.26,2,2,66.7%,1,1,0.0,0,0,.000,0.00,,,,22,4,.818,30,3,23,0,.922,55,5,.909,18,0,1.000,2,2,.000,.897,144,104,75,8.0,7,24,24,2,.933,.894,1.0,42.6%,43,58,49,111,81,65,8,51,20,3,,, ,,,,UFA,"$1,300,000","$1,150,000",3,118.8,0.4,9,Concussion,265,102,87,43,39,11,239,2644,3,0,5414,41,12,14.3
4,1988/01/05,Norrtälje,,SWE,SWE,76,187,L,,,,2013,5,8475663,Lack,Eddie,"CGY, NJD",8,5,3,2,4,0,0,177,154,23,.870,4.02,-7.7,-7.1,-6.8,-7.2,20617,0,0,0,0,0,0,0,0,9.9%,3.32,9.34%,9.03,262.2,125,19,.868,4.35,1,1,20.0%,2,1,81.4,29,4,.879,2.95,,,,38,11,.711,73,9,66,3,.871,130,12,.908,37,8,.784,10,3,.700,.884,312,251,177,15.9,23,46,46,11,.908,.910,-7.1,49.8%,110,111,118,352,280,192,19,176,60,8,,, ,,,,UFA,"$3,000,000","$2,750,000",3,115.9,0.2,,,,144,126,56,55,18,349,3832,9,2,7996,62,22,20.5
5,1988/02/11,Surrey,BC,CAN,CAN,74,215,L,,,,2013,5,8477202,Hammond,Andrew,COL,1,1,0,0,1,0,0,33,31,2,.939,2.06,0.9,2.0,1.0,0.5,3502,0,0,0,0,0,0,0,0,3.8%,1.03,8.98%,8.82,58.4,31,2,.939,2.06,1,1,100.0%,0,0,0.0,0,0,.000,0.00,,,,12,0,1.000,12,0,9,2,.911,27,2,.926,5,0,1.000,1,0,1.000,.939,61,46,33,4.0,2,12,12,0,.957,.878,2.0,53.8%,14,12,12,71,43,26,1,39,10,1,,, ,,,,UFA,"$1,500,000","$1,350,000",1,135.7,0.3,4,Concussion,195,56,49,27,15,6,119,1549,4,2,3092,33,5,10.8
6,1989/09/16,Lloydminster,SK,CAN,CAN,74,211,L,2008,4,93,2010,8,8474651,Holtby,Braden,WSH,54,54,0,34,16,0,4,1648,1495,153,.907,2.99,-10.4,-2.2,-9.3,-23.9,184068,0,0,0,0,2,1,1,0,11.8%,3.29,8.72%,8.76,3067.8,1495,153,.907,2.99,30,30,55.6%,9,7,0.0,0,0,.000,0.00,,,,388,91,.765,630,55,630,7,.910,1345,115,.914,263,33,.875,40,5,.875,.907,3123,2347,1648,150.8,153,654,654,99,.935,.908,-2.2,47.4%,910,1008,1088,2756,2050,1423,168,1449,522,74,9,1,.986,3,0,M-NTC,UFA,"$7,000,000","$6,100,000",25,115.0,8.3,4,Knee,195,361,353,225,89,35,831,10306,32,19,20678,211,45,68.2
7,1988/09/20,Novokuznetsk,,RUS,RUS,74,182,L,,,,2010,8,8475683,Bobrovsky,Sergei,CBJ,65,65,0,37,22,0,6,1993,1835,158,.921,2.42,14.5,32.8,16.5,1.8,234694,5,0,3,3,0,0,3,3,8.6%,2.81,8.75%,8.35,3911.6,1835,158,.921,2.42,38,39,60.0%,10,1,0.0,0,0,.000,0.00,,,,480,80,.833,714,57,789,20,.923,1698,111,.935,249,42,.831,46,5,.891,.918,3690,2729,1994,189.8,158,757,757,86,.942,.905,31.8,51.4%,1362,1289,1239,3843,2934,2129,183,1921,728,94,35,10,.894,4,4,NMC,UFA,"$6,500,000","$7,425,000",10,115.5,12.9,1,Illness,91,395,385,218,129,36,929,11607,24,18,22814,229,46,77.7
8,1988/12/22,Newport News,VA,USA,USA,78,232,L,2007,6,153,2014,4,8474152,Darling,Scott,CAR,43,40,3,13,21,0,7,1171,1040,131,.888,3.18,-29.7,-21.6,-28.0,-40.4,148507,0,0,0,0,2,1,2,1,7.2%,2.38,8.77%,8.49,2366.9,993,123,.890,3.12,14,15,37.5%,7,1,108.2,47,8,.855,4.44,,,,282,71,.748,451,44,438,16,.892,1018,105,.897,120,24,.800,33,2,.939,.884,2142,1664,1171,109.4,131,439,439,69,.921,.907,-21.6,58.5%,922,653,785,2616,1898,1354,98,1280,479,55,12,5,.909,2,3,M-NTC,UFA,"$4,750,000","$4,150,000",17,115.3,3.5,,,,118,104,52,38,16,292,3251,4,2,6557,54,13,17.9
9,1991/11/05,Perth,ON,CAN,CAN,78,220,L,,,,2016,2,8477225,Coreau,Jared,DET,7,7,0,0,5,0,1,203,176,27,.867,4.26,-9.4,-9.5,-9.5,-4.0,22826,0,0,0,0,0,0,0,0,7.8%,2.21,8.63%,9.73,380.4,176,27,.867,4.26,1,1,14.3%,2,1,0.0,0,0,.000,0.00,,,,44,11,.750,72,14,87,2,.862,175,20,.886,26,6,.769,2,1,.500,.858,370,280,203,17.5,27,76,76,14,.904,.914,-9.5,42.3%,104,142,105,333,244,179,14,171,72,8,,, ,,,,UFA,"$650,000","$612,500",1,110.9,0.1,1,Illness,7,21,21,5,9,4,68,565,2,0,1092,6,8,1.1
10,1980/07/17,East Lansing,MI,USA,USA,75,173,L,1999,5,138,2002,15,8468011,Miller,Ryan,ANA,28,21,7,12,6,0,6,739,686,53,.928,2.35,11.0,19.3,11.6,9.9,81196,4,0,0,0,0,0,0,0,8.8%,2.62,8.71%,9.07,1220.5,620,45,.932,2.21,13,13,61.9%,3,2,132.7,66,8,.892,3.62,,,,194,28,.856,278,22,267,3,.934,595,35,.941,126,17,.865,18,1,.944,.930,1335,1024,739,72.3,53,281,281,28,.948,.902,19.3,45.1%,415,506,399,1241,945,674,59,640,245,36,24,8,.778,2,4,M-NTC,UFA,"$2,000,000","$2,000,000",9,114.2,5.4,4,Upper body,195,737,593,370,268,80,1863,21999,43,48,42926,338,72,143.4
11,1990/04/27,Holliston,MA,USA,USA,74,195,L,,,,2015,3,8477237,Condon,Mike,OTT,31,26,5,5,17,0,5,898,810,88,.902,3.25,-10.3,-9.6,-10.1,-5.5,97585,0,0,2,2,0,0,1,1,7.0%,2.07,8.65%,8.33,1465.1,719,77,.903,3.15,13,13,50.0%,6,3,161.3,91,11,.892,4.09,,,,182,42,.769,340,33,376,13,.898,761,62,.919,114,24,.789,23,2,.913,.899,1679,1235,898,78.4,88,320,320,47,.929,.913,-9.6,48.0%,535,579,494,1506,1092,800,56,691,265,28,14,7,.750,0,3,,UFA,"$1,700,000","$2,400,000",18,117.5,4.0,3,Concussion,88,127,115,45,56,17,325,3478,6,4,7073,56,22,17.4
12,1990/03/19,Lulea,,SWE,SWE,78,229,L,2009,3,62,2011,5,8475195,Nilsson,Anders,VAN,27,24,3,7,14,0,4,850,766,84,.901,3.44,-10.4,-4.8,-8.3,-6.2,87821,2,0,1,1,0,0,0,0,8.6%,2.62,8.96%,8.85,1356.2,709,80,.899,3.54,8,8,33.3%,5,3,107.5,57,4,.934,2.23,,,,202,39,.807,324,31,324,14,.904,692,60,.913,128,21,.836,30,3,.900,.901,1488,1154,850,79.2,84,305,305,44,.927,.907,-4.8,45.1%,462,562,471,1314,1009,740,64,647,245,41,4,3,.927,0,1,,UFA,"$3,000,000","$2,500,000",9,114.9,3.7,4,Illness,195,105,91,36,46,12,295,3156,4,6,5767,38,16,15.9
13,1993/12/18,Lakeville,MN,USA,USA,73,182,R,,,,2015,3,8479292,Lindgren,Charlie,MTL,14,14,0,4,8,0,2,457,415,42,.908,3.03,-2.5,0.6,-1.7,-15.7,49978,2,0,0,0,2,1,0,-1,5.5%,1.80,8.81%,9.09,833.0,415,42,.908,3.03,9,9,64.3%,5,1,0.0,0,0,.000,0.00,,,,117,26,.778,157,14,183,2,.913,375,28,.925,73,12,.836,9,2,.778,.908,846,645,457,42.6,42,197,197,32,.935,.907,.6,52.7%,314,282,275,848,616,451,25,394,171,17,6,2,.882,0,1,,UFA,"$700,000","$700,000",11,122.0,2.3,,,,17,17,7,8,2,47,544,2,2,1015,12,5,3.1
14,1984/11/28,Sorel,QC,CAN,CAN,74,180,L,2003,1,1,2003,14,8470594,Fleury,Marc-Andre,VGK,46,46,0,29,13,0,4,1376,1276,100,.927,2.24,19.1,15.0,19.7,21.0,160404,4,0,1,1,6,3,3,0,9.4%,3.01,8.70%,8.69,2673.4,1276,100,.927,2.24,31,30,65.2%,4,3,0.0,0,0,.000,0.00,,,,265,55,.792,525,34,564,11,.921,1173,81,.931,176,17,.903,27,2,.926,.927,2514,1909,1376,115.0,100,477,477,61,.948,.916,15.0,52.6%,956,862,813,2682,1986,1428,134,1302,429,62,13,4,.935,1,2,"M-NTC, NMC",UFA,"$5,750,000","$5,750,000",23,116.6,9.9,4,Undisclosed,195,737,582,404,229,72,1813,20863,48,62,42442,319,78,130.2
15,1992/04/15,Moncton,NB,CAN,CAN,73,200,L,2010,2,49,2014,4,8475717,Pickard,Calvin,TOR,1,1,0,0,0,0,1,28,24,4,.857,3.83,-1.6,-2.3,-1.3,-1.6,3755,0,0,0,0,0,0,0,0,6.5%,1.92,9.69%,10.07,62.6,24,4,.857,3.83,0,0,0.0%,0,0,0.0,0,0,.000,0.00,,,,2,0,1.000,13,3,13,1,.883,21,3,.857,7,1,.857,0,0,.000,.833,58,44,28,1.7,4,7,7,1,.909,.940,-2.3,46.7%,21,24,23,54,38,31,2,22,9,0,,, ,,,,RFA,"$1,075,000","$1,000,000",0,107.4,0.0,,,,87,75,28,44,7,221,2539,3,2,4763,38,13,14.8
16,1987/07/05,Caledonia,ON,CAN,CAN,76,200,L,,,,2013,5,8475660,Talbot,Cam,EDM,67,67,0,31,31,0,3,2036,1848,188,.908,3.02,-11.8,5.2,-8.5,-29.3,223806,1,0,1,1,8,4,1,-3,8.3%,2.69,8.82%,8.55,3729.6,1848,188,.908,3.02,32,33,49.3%,11,8,0.5,0,0,.000,0.00,,,,493,103,.791,746,67,785,17,.911,1725,146,.915,263,40,.848,48,2,.958,.907,3745,2767,2035,192.2,188,809,809,111,.932,.906,4.2,50.9%,1281,1236,1173,3654,2759,2007,167,1882,756,85,13,5,.941,4,0,NMC,UFA,"$4,150,000","$4,166,667",39,119.0,10.3,11,"Illness, Upper body",551,253,246,127,95,21,606,7399,19,12,14553,134,27,47.3
17,1989/07/04,Farmingville,NY,USA,USA,75,195,L,,,,2012,5,8476234,Kinkaid,Keith,NJD,41,38,3,26,10,0,3,1214,1108,106,.913,2.77,-0.9,6.4,-0.8,0.8,137854,1,0,2,2,2,1,2,1,10.1%,3.06,8.65%,8.64,2226.9,1078,104,.912,2.80,19,19,50.0%,4,2,70.7,30,2,.938,1.70,,,,289,59,.796,461,37,464,10,.916,1026,88,.914,155,17,.890,33,1,.970,.912,2271,1716,1214,112.4,106,418,418,62,.938,.907,6.4,45.1%,733,892,727,2075,1614,1158,117,1003,444,75,17,6,.920,3,2,,UFA,"$1,200,000","$1,250,000",15,113.5,6.8,4,Groin,195,110,94,49,37,11,270,3079,4,4,5965,49,13,17.4
18,1983/04/11,St. Louis,MO,USA,USA,74,183,R,2002,6,172,2008,5,8470093,McKenna,Mike,DAL,2,1,1,1,1,0,0,50,45,5,.900,2.96,-0.7,-0.1,-0.6,0.6,6080,0,0,0,0,0,0,0,0,17.1%,4.14,8.92%,8.52,57.2,28,5,.848,5.24,0,0,0.0%,1,0,44.1,17,0,1.000,0.00,,,,10,4,.600,23,1,17,0,.894,41,4,.902,9,1,.889,0,0,.000,.875,95,70,50,4.9,5,20,20,5,.929,.902,-.1,44.6%,25,31,28,88,63,41,7,47,20,3,,, ,,,,UFA,"$650,000","$650,000",0,108.4,0.2,,,,24,20,6,12,2,73,660,1,0,1274,4,7,2.3
19,1991/07/24,Gothenburg,,SWE,SWE,76,245,L,2009,2,46,2010,8,8475215,Lehner,Robin,BUF,53,50,3,14,26,0,9,1560,1417,143,.908,3.01,-8.0,-10.7,-5.7,-14.5,171121,3,0,0,0,2,1,0,-1,7.0%,2.10,8.81%,8.45,2759.2,1373,140,.907,3.04,24,24,48.0%,8,9,92.8,44,3,.936,1.94,,,,319,73,.771,549,51,693,19,.903,1279,109,.915,228,27,.882,53,7,.868,.909,2770,2112,1561,132.4,143,522,522,76,.932,.915,-10.7,50.3%,962,949,878,2476,1917,1433,100,1074,426,54,10,4,.926,1,2,,RFA,"$4,000,000","$4,000,000",27,110.4,8.0,4,Undisclosed,195,219,205,72,97,35,573,6780,8,22,12209,114,26,41.7
20,1992/12/09,Baudette,MN,USA,USA,73,201,L,,,,2017,1,8479312,Lyon,Alex,PHI,11,7,4,4,2,0,1,232,210,22,.905,2.75,-1.9,-0.7,-2.3,0.0,28788,0,0,0,0,0,0,0,0,10.8%,3.38,8.47%,7.6,362.4,151,20,.883,3.31,3,3,42.9%,2,2,117.4,59,2,.967,1.02,,,,54,11,.796,95,10,83,1,.910,204,19,.907,22,3,.864,6,0,1.000,.903,435,329,232,21.3,22,82,82,16,.933,.908,-.7,47.9%,136,148,163,486,352,249,27,233,90,13,3,1,.923,0,1,,RFA,"$874,125","$874,125",4,115.2,1.1,,,,11,7,4,2,1,22,232,0,0,480,3,2,1.1
21,1991/07/13,Repentigny,QC,CAN,CAN,73,177,L,2009,4,95,2015,3,8475234,Berube,J-F,CHI,13,10,3,3,6,0,1,398,356,42,.894,3.78,-7.6,4.5,-7.9,-2.3,40043,0,0,0,0,0,0,0,0,9.1%,2.70,8.36%,8.645,546.5,306,36,.895,3.95,3,3,30.0%,3,2,120.9,50,6,.893,2.98,,,,102,25,.755,130,14,166,3,.898,326,31,.905,65,10,.846,7,1,.857,.895,715,539,398,37.8,42,166,166,27,.922,.905,-4.2,45.5%,208,249,238,617,445,331,30,309,106,18,,, ,,,,UFA,"$700,000","$700,000",5,119.8,1.4,,,,34,23,9,10,4,90,879,0,0,1593,10,6,3.5
22,1982/03/22,Kingston,ON,CAN,CAN,76,215,L,2001,5,161,2006,12,8469608,Smith,Mike,CGY,55,55,0,25,22,0,6,1686,1545,141,.916,2.65,4.9,13.8,7.8,6.3,191436,3,0,2,2,8,4,6,2,7.4%,2.43,8.82%,8.75,3190.6,1545,141,.916,2.65,32,32,58.2%,9,6,0.0,0,0,.000,0.00,,,,379,76,.799,625,40,682,25,.916,1363,106,.922,271,30,.889,52,5,.904,.917,3083,2379,1686,154.8,141,598,598,78,.941,.908,13.8,51.4%,1130,1067,1041,3363,2503,1734,129,1622,654,73,18,8,.890,2,3,M-NTC,UFA,"$6,000,000","$5,666,667",42,121.2,10.2,4,Undisclosed,195,529,493,220,220,66,1360,15638,36,117,30276,264,79,94.5
23,1989/05/12,Rauma,,FIN,FIN,72,195,L,,,,2013,5,8477293,Raanta,Antti,ARI,47,46,1,21,17,0,6,1388,1291,97,.930,2.24,23.1,20.0,24.1,18.3,155947,3,0,0,0,0,0,4,4,8.6%,2.52,8.72%,8.55,2579.6,1279,97,.930,2.26,32,31,67.4%,6,5,19.5,12,0,1.000,0.00,,,,299,51,.829,466,31,613,14,.928,1155,73,.937,199,21,.894,34,3,.912,.930,2639,2030,1388,116.0,97,534,534,61,.952,.916,19.0,46.8%,830,944,796,2445,1775,1271,109,1195,477,58,21,9,.845,1,5,,UFA,"$1,000,000","$1,000,000",4,117.4,10.4,4,Upper body,195,141,124,68,40,15,289,3699,11,0,7550,82,18,25
24,1984/12/31,Montreal,QC,CAN,CAN,74,216,L,2003,2,52,2005,11,8470645,Crawford,Corey,CHI,28,27,1,16,9,0,2,842,782,60,.929,2.27,12.9,17.6,14.0,9.0,95010,2,0,0,0,0,0,3,3,9.4%,3.26,8.78%,8.74,1553.5,775,59,.929,2.28,17,17,63.0%,3,2,30.0,7,1,.875,2.00,,,,206,30,.854,310,23,326,7,.931,681,45,.934,131,12,.908,30,3,.900,.929,1517,1157,842,77.6,60,329,329,35,.948,.908,17.6,56.1%,629,492,527,1689,1198,915,86,824,290,47,,, ,,,"M-NTC, NMC",UFA,"$6,000,000","$6,000,000",16,121.5,6.2,4,Upper body,195,409,395,230,124,45,930,11454,23,18,23567,238,49,75.4
25,1983/11/16,Helsinki,,FIN,FIN,76,209,L,2002,1,2,2003,14,8470140,Lehtonen,Kari,DAL,37,30,7,15,14,0,3,946,863,83,.912,2.56,-1.1,-6.3,1.4,0.1,116658,1,0,0,0,4,2,2,0,9.0%,2.75,8.89%,8.72,1694.0,752,69,.916,2.44,19,19,63.3%,7,3,250.3,111,14,.888,3.36,,,,181,34,.812,338,33,427,16,.906,751,53,.929,164,25,.848,31,5,.839,.915,1786,1322,946,76.8,83,308,308,38,.937,.919,-6.3,46.7%,612,698,695,1795,1318,988,89,894,353,45,12,5,.889,2,2,M-NTC,UFA,"$5,000,000","$5,900,000",10,110.5,5.3,,,,649,512,310,233,67,1662,18920,38,42,36838,286,80,116
26,1996/02/10,Ruse,,BGR,RUS,73,180,L,,,,2017,1,8480382,Georgiev,Alexandar,NYR,10,9,1,4,4,0,1,331,304,27,.918,3.15,1.6,2.4,0.6,0.0,30886,0,0,0,0,0,0,0,0,11.6%,3.26,8.25%,7.67,489.3,291,26,.918,3.19,5,5,55.6%,1,1,25.5,13,1,.929,2.35,,,,76,15,.803,115,10,140,2,.918,285,22,.923,42,5,.881,4,0,1.000,.919,563,437,331,29.4,27,125,125,15,.938,.911,2.4,44.6%,152,189,168,454,340,241,28,212,98,18,,, ,,,,RFA,"$792,500","$792,500",9,118.5,2.1,1,Flu,11,10,9,4,4,1,27,331,0,0,515,5,1,2.1
27,1987/08/16,Anahim Lake,BC,CAN,CAN,75,215,L,2005,1,5,2007,11,8471679,Price,Carey,MTL,49,48,1,16,26,0,7,1487,1339,148,.900,3.11,-19.3,-21.7,-17.8,-29.2,171277,1,0,0,0,0,0,3,3,7.6%,2.50,8.75%,8.79,2804.5,1314,145,.901,3.10,21,22,45.8%,10,2,50.1,25,3,.893,3.59,,,,302,75,.752,537,56,642,17,.895,1226,112,.909,218,33,.849,43,3,.930,.900,2810,1997,1487,126.3,148,469,469,82,.926,.915,-21.7,50.2%,957,950,972,2871,2086,1558,119,1370,577,76,12,3,.961,2,2,NMC,UFA,"$7,000,000","$6,500,000",35,119.4,6.4,14,"Concussion, Lower body",988,558,548,286,201,62,1351,16545,40,43,32908,317,73,110.7
28,1984/03/26,Syracuse,NY,USA,USA,73,218,L,2003,2,64,2005,12,8470657,Howard,Jimmy,DET,60,57,3,22,27,0,9,1770,1610,160,.910,2.85,-6.8,2.9,-4.0,-10.4,202057,1,0,1,1,10,5,3,-2,8.1%,2.39,8.82%,8.61,3287.9,1580,152,.912,2.77,28,28,49.1%,6,4,79.7,30,8,.789,6.02,,,,385,85,.779,652,54,704,19,.909,1456,122,.916,275,36,.869,39,2,.949,.910,3203,2408,1770,160.9,160,609,609,88,.934,.909,.9,48.3%,1153,1234,1070,2983,2315,1656,134,1425,532,74,21,2,.973,4,1,M-NTC,UFA,"$5,000,000","$5,291,667",31,110.2,9.4,4,Lower body,195,461,439,221,151,63,1091,12787,24,34,26332,239,61,78.8
29,1983/05/23,London,ON,CAN,CAN,74,200,L,2002,6,176,2007,10,8470147,McElhinney,Curtis,TOR,18,15,3,11,5,0,1,528,493,35,.934,2.14,10.7,11.6,9.7,14.9,58747,3,0,1,1,0,0,0,0,9.8%,3.19,8.41%,7.44,891.4,456,32,.934,2.15,8,8,53.3%,1,0,87.7,37,3,.925,2.05,,,,117,17,.855,191,14,201,3,.934,428,22,.949,90,12,.867,10,1,.900,.935,932,744,528,45.6,35,177,177,17,.953,.914,10.6,50.2%,324,322,312,969,743,533,52,508,188,26,2,0,1.000,1,0,,UFA,"$850,000","$850,000",10,116.5,4.2,2,Lower body,21,186,134,62,71,13,441,4824,8,2,9240,62,19,26
30,1992/01/09,Port Huron,MI,USA,USA,74,197,L,2010,1,11,2013,3,8475789,Campbell,Jack,LAK,5,4,1,2,0,0,2,145,134,11,.924,2.48,1.5,-2.0,2.0,5.7,15997,0,0,0,0,0,0,1,1,10.2%,2.93,9.10%,8.57,246.6,123,8,.939,1.95,2,3,75.0%,0,0,20.0,11,3,.786,9.00,,,,15,2,.867,58,8,60,1,.912,110,11,.900,23,0,1.000,12,0,1.000,.918,272,194,145,9.0,11,41,41,4,.943,.938,-2.0,47.9%,93,101,80,221,173,128,13,90,33,7,5,2,.714,0,1,,UFA,"$650,000","$612,500",2,110.9,1.0,,,,7,5,2,1,2,17,197,0,0,347,2,0,1.1
31,1987/03/10,Savonlinna,,FIN,FIN,75,176,L,2005,1,21,2007,11,8471695,Rask,Tuukka,BOS,54,53,1,34,14,0,5,1513,1388,125,.917,2.36,5.9,6.5,8.7,-8.1,190385,3,0,2,2,4,2,4,2,10.1%,3.20,8.83%,8.63,3140.4,1378,124,.917,2.37,30,31,58.5%,6,2,32.7,10,1,.909,1.84,,,,331,66,.801,553,43,630,16,.916,1233,94,.924,228,24,.895,52,7,.865,.918,2769,2106,1514,131.5,125,530,530,68,.941,.913,6.4,54.5%,1204,1004,1055,3067,2325,1679,169,1569,545,88,11,4,.955,2,1,M-NTC,UFA,"$7,500,000","$7,000,000",14,110.4,9.3,2,Concussion,171,449,429,238,137,53,969,12440,41,20,25773,261,60,86.8
32,1993/03/23,Port Alberni,BC,CAN,CAN,75,204,L,2011,6,164,2014,4,8476316,Brossoit,Laurent,EDM,14,10,4,3,7,0,1,343,303,40,.883,3.24,-10.3,-6.7,-10.8,-9.3,44414,0,0,1,1,0,0,0,0,8.5%,2.92,8.60%,7.94,597.8,240,30,.889,3.01,5,5,50.0%,2,0,142.4,63,10,.863,4.21,,,,85,16,.812,135,21,124,3,.890,276,26,.906,52,12,.769,15,2,.867,.885,661,465,344,33.3,40,145,145,20,.914,.903,-6.7,56.1%,282,221,246,793,598,426,36,410,148,22,3,1,.955,0,1,,UFA,"$850,000","$750,000",8,117.9,0.8,,,,28,20,7,13,2,71,689,0,0,1432,9,4,2.7
33,1992/08/14,Brampton,ON,CAN,CAN,74,195,L,2010,3,84,2015,2,8475809,Wedgewood,Scott,ARI,20,17,3,5,9,0,4,587,524,63,.893,3.45,-12.2,-8.0,-10.8,-37.7,65790,1,0,0,0,2,1,1,0,8.2%,2.24,8.85%,8.39,990.7,488,57,.895,3.45,7,6,35.3%,4,2,105.8,36,6,.857,3.40,,,,149,35,.765,204,23,234,5,.897,520,51,.902,51,9,.824,16,3,.813,.888,1141,877,587,55.1,63,240,240,38,.928,.906,-8.0,44.4%,341,427,368,1001,732,501,41,475,201,19,,, ,,,,UFA,"$650,000","$650,000",5,117.2,2.0,,,,24,21,7,10,5,68,703,2,2,1338,10,4,3.3
34,1987/08/31,Kladno,,CZE,CZE,75,212,L,2005,2,41,2007,11,8471715,Pavelec,Ondrej,NYR,19,12,7,4,9,0,1,510,464,46,.910,3.05,-1.9,6.2,0.8,1.5,54222,1,0,0,0,2,1,1,0,8.3%,2.59,9.11%,8.94,648.5,335,35,.905,3.24,5,6,50.0%,3,2,255.2,129,11,.921,2.59,,,,130,27,.792,210,14,170,5,.917,428,34,.921,71,9,.873,11,3,.727,.908,921,699,510,52.2,46,213,213,28,.934,.898,6.2,49.0%,303,315,279,839,640,468,39,452,226,23,5,2,.913,1,1,,UFA,"$1,300,000","$1,300,000",4,116.9,2.7,4,Knee,195,398,374,156,167,48,1069,11494,18,12,22302,170,66,60.9
35,1994/06/20,Rancho Cucamonga,CA,USA,USA,74,200,L,,,,2017,1,8480420,Delia,Collin,CHI,2,2,0,1,1,0,0,63,56,7,.889,3.96,-1.5,-2.5,-0.8,0.0,6359,0,0,0,0,2,1,0,-1,9.2%,3.40,9.78%,8.83,106.0,56,7,.889,3.96,1,0,0.0%,0,1,0.0,0,0,.000,0.00,,,,9,2,.778,20,4,34,1,.864,58,4,.931,4,3,.250,1,0,1.000,.832,109,74,63,4.5,7,18,18,2,.905,.929,-2.5,56.1%,37,29,31,106,78,65,6,59,24,4,,, ,,,,RFA,"$742,500","$767,500",0,121.7,0.2,,,,2,2,1,1,0,7,63,0,2,106,1,0,0.2
36,1992/11/26,South St. Paul,MN,USA,USA,72,189,L,2011,6,178,2017,1,8476330,Wilcox,Adam,BUF,1,0,1,0,0,0,0,14,14,0,1.000,0.00,1.2,1.4,1.2,0.0,2319,0,0,0,0,0,0,0,0,6.7%,3.10,,5.79,,,,.000,0.00,0,,0.0%,,,38.7,14,0,1.000,0.00,,,,3,0,1.000,6,0,5,0,1.000,10,0,1.000,4,0,1.000,0,0,.000,.972,30,24,14,1.4,0,4,4,0,1.000,.901,1.4,73.3%,22,8,11,47,33,30,2,18,5,1,,, ,,,,UFA,"$650,000","$650,000",0,119.5,0.2,,,,1,0,0,1,0,0,14,0,0,39,0,0,0.2
37,1990/05/05,Saskatoon,SK,CAN,CAN,77,215,L,2009,6,161,2012,6,8475311,Kuemper,Darcy,"LAK, ARI",29,25,4,12,7,0,5,833,766,67,.920,2.52,5.1,10.2,5.5,8.4,95753,4,0,1,1,0,0,1,1,8.9%,2.74,8.70%,8.72,1473.5,702,63,.918,2.57,12,12,48.0%,3,1,122.4,64,4,.941,1.96,,,,199,39,.804,298,20,336,8,.921,681,50,.927,122,14,.885,30,3,.900,.920,1578,1164,833,77.2,67,318,318,36,.942,.907,10.2,51.1%,546,523,508,1549,1149,824,73,761,283,33,2,0,1.000,1,0,,UFA,"$650,000","$650,000",19,117.6,5.3,,,,131,114,53,41,19,303,3441,11,6,7049,54,19,19.5
38,1985/02/13,Chicago,IL,USA,USA,74,201,L,2004,1,6,2008,9,8471219,Montoya,Al,"MTL, EDM",13,8,5,4,3,0,2,346,309,37,.893,3.21,-7.1,-3.8,-5.8,-5.7,41504,0,0,2,2,0,0,1,1,9.3%,3.12,9.19%,9.14,488.5,246,33,.882,4.05,1,1,12.5%,2,0,203.3,63,4,.940,1.18,,,,90,21,.767,125,13,131,3,.900,296,25,.916,41,11,.732,9,1,.889,.888,624,476,346,33.2,37,133,133,20,.922,.904,-3.8,49.8%,229,231,239,721,548,389,36,343,162,25,3,1,.960,1,0,,UFA,"$1,000,000","$1,062,500",2,116.7,1.2,31,"Concussion, Undisclosed, Upper body",545,168,136,67,49,24,405,4418,7,12,9170,77,22,23.7
39,1992/11/27,Härnösand,,SWE,SWE,75,192,L,2011,7,188,2014,4,8476341,Forsberg,Anton,CHI,35,30,5,10,16,0,4,921,836,85,.908,2.97,-5.3,2.1,-2.5,26.3,102887,0,0,1,1,0,0,0,0,7.9%,2.59,8.96%,8.7,1598.4,790,81,.907,3.04,14,14,46.7%,7,6,116.4,46,4,.920,2.06,,,,245,47,.808,318,28,358,10,.913,775,70,.910,111,15,.865,35,0,1.000,.906,1605,1204,921,87.1,85,346,346,49,.929,.905,2.1,54.9%,623,511,541,1849,1269,940,74,959,297,33,13,6,.818,1,2,,RFA,"$700,000","$750,000",15,120.9,4.7,4,Lower body,195,45,39,11,24,4,118,1194,0,0,2208,15,8,5.1
40,1986/01/21,Milford,CT,USA,USA,73,218,L,2005,3,72,2007,11,8471734,Quick,Jonathan,LAK,64,63,1,33,28,0,3,1867,1720,147,.921,2.40,14.6,23.9,16.7,10.3,220625,5,0,4,4,10,5,5,0,9.1%,2.71,8.75%,8.87,3642.0,1707,146,.921,2.41,37,38,60.3%,7,4,35.1,13,1,.929,1.71,,,,422,74,.825,689,48,756,25,.921,1521,114,.925,287,30,.895,59,3,.949,.921,3524,2665,1867,170.9,147,703,703,82,.945,.908,23.9,49.2%,1202,1241,1150,3441,2569,1831,166,1675,616,92,4,1,.989,1,0,,UFA,"$7,000,000","$5,800,000",51,113.6,12.2,,,,556,546,293,195,56,1233,14759,49,52,32448,305,77,94.1
41,1991/11/25,Rosenheim,,DEU,DEU,73,191,L,2010,4,112,2012,6,8475831,Grubauer,Philipp,WSH,35,28,7,15,10,0,3,953,880,73,.923,2.35,9.5,19.3,10.2,0.4,111888,3,0,1,1,0,0,1,1,9.0%,2.64,8.72%,9.43,1680.6,809,70,.920,2.50,19,19,67.9%,3,0,184.2,71,3,.959,0.98,,,,249,42,.831,347,27,357,4,.929,776,52,.933,155,20,.871,22,1,.955,.924,1834,1393,953,92.3,73,424,424,48,.948,.903,19.3,49.3%,634,652,580,1690,1264,909,82,834,309,36,2,2,.944,0,1,,RFA,"$1,500,000","$1,500,000",9,113.4,6.5,1,Undisclosed,18,101,79,43,31,11,201,2614,6,2,5273,49,8,18.1
42,1986/05/04,Regina,SK,CAN,CAN,78,218,L,2004,1,14,2009,9,8471227,Dubnyk,Devan,MIN,60,59,1,35,16,0,7,1769,1624,145,.918,2.52,8.1,-14.1,8.4,3.2,207019,5,0,3,3,12,6,5,-1,10.8%,3.23,8.67%,8.08,3430.3,1617,143,.919,2.50,36,35,59.3%,8,5,20.0,7,2,.778,6.00,,,,287,67,.767,592,52,890,26,.903,1491,110,.926,241,32,.867,37,3,.919,.917,3365,2479,1769,130.9,145,548,548,69,.942,.926,-14.1,46.8%,1036,1178,1114,3003,2299,1724,186,1505,677,106,17,5,.953,1,2,M-NTC,UFA,"$5,000,000","$4,333,333",29,110.7,11.0,6,Lower body,317,423,402,204,152,44,1019,12204,29,40,24089,222,53,76.9
43,1994/02/28,Stockholm,,SWE,SWE,75,195,L,2012,2,31,2017,1,8476861,Dansk,Oscar,VGK,4,3,1,3,0,0,0,93,88,5,.946,1.78,3.0,3.5,3.3,0.0,10116,1,0,0,0,0,0,0,0,16.7%,4.98,9.09%,9.17,154.8,78,4,.951,1.55,3,2,66.7%,0,1,13.8,10,1,.909,4.36,,,,21,3,.857,45,0,27,2,.938,77,3,.961,14,1,.929,2,1,.500,.943,160,121,93,8.5,5,40,40,3,.959,.909,3.5,49.1%,55,57,61,172,129,84,14,88,38,9,,, ,,,,RFA,"$650,000","$650,000",0,118.1,0.9,36,Lower body,285,4,3,3,0,0,5,93,1,0,169,3,0,0.9
44,1992/03/06,St-Hyacinthe,QC,CAN,CAN,75,210,R,2010,5,138,2014,4,8475839,Domingue,Louis,"ARI, TBL",19,16,3,7,9,0,1,578,517,61,.894,3.41,-11.0,-7.1,-11.5,-9.0,64426,0,0,0,0,2,1,1,0,9.8%,3.07,8.54%,8.75,960.9,469,54,.897,3.37,6,6,37.5%,3,0,112.9,48,7,.873,3.72,,,,141,30,.787,206,25,231,6,.897,470,42,.911,94,17,.819,14,2,.857,.896,1049,786,578,53.9,61,201,201,26,.922,.907,-7.1,47.6%,390,430,367,1019,779,562,55,539,223,36,4,1,.972,1,0,,RFA,"$1,100,000","$1,050,000",10,115.6,2.1,,,,96,82,34,44,8,258,2766,2,2,5187,41,12,13.9
45,1986/11/21,Denver,CO,USA,USA,79,225,L,2005,3,85,2008,9,8471750,Bishop,Ben,DAL,53,51,2,26,17,0,5,1437,1317,120,.916,2.49,4.4,2.0,5.2,-3.5,173210,5,0,1,1,4,2,3,1,8.7%,2.66,8.72%,8.53,2820.1,1294,119,.916,2.53,27,24,47.1%,8,7,66.7,23,1,.958,0.90,,,,296,49,.834,542,53,596,18,.914,1142,89,.922,245,28,.886,50,3,.940,.917,2760,1981,1436,122.0,120,480,480,50,.939,.915,2.0,46.4%,941,1085,980,2815,2057,1469,128,1439,589,70,7,1,.986,2,1,NMC,UFA,"$7,000,000","$4,916,667",23,115.9,8.7,13,Lower body,735,323,308,174,97,30,713,8751,24,30,18206,176,41,57
46,1986/03/18,Marblehead,MA,USA,USA,75,200,L,2004,1,26,2008,10,8471239,Schneider,Cory,NJD,40,40,0,17,16,0,6,1228,1114,114,.907,2.93,-7.7,3.5,-5.6,-18.0,139935,1,0,0,0,0,0,1,1,8.8%,2.78,8.83%,8.67,2332.3,1114,114,.907,2.93,19,19,47.5%,7,4,0.0,0,0,.000,0.00,,,,305,59,.807,469,40,436,15,.911,996,85,.915,196,27,.862,36,2,.944,.908,2266,1712,1228,117.5,114,390,390,59,.933,.904,3.5,49.0%,790,822,762,2102,1638,1224,108,1086,432,61,23,4,.934,2,2,NTC,UFA,"$6,000,000","$6,000,000",23,112.4,6.2,4,Lower body,195,370,354,161,140,52,832,10410,24,4,21193,210,42,70.1
47,1993/12/21,Toronto,ON,CAN,CAN,74,200,L,2012,1,24,2014,3,8476876,Subban,Malcolm,VGK,22,19,3,13,4,0,2,614,559,55,.910,2.68,-1.9,0.5,-2.5,112.5,73811,0,0,0,0,2,1,0,-1,9.8%,3.02,8.56%,8.41,1148.8,522,53,.908,2.77,8,8,42.1%,2,1,81.4,37,2,.949,1.48,,,,132,27,.795,224,21,247,5,.911,507,43,.915,89,11,.876,18,1,.944,.910,1172,871,614,53.5,55,213,213,30,.937,.913,-1.6,53.2%,427,376,386,1190,897,635,62,603,201,31,13,0,1.000,3,0,,RFA,"$650,000","$650,000",6,115.2,3.3,15,"Hand, Lower body",282,24,21,13,6,2,61,636,0,2,1292,8,4,2.9
48,1992/02/14,Ostrava,,CZE,CZE,74,181,L,2010,5,141,2012,6,8475852,Mrazek,Petr,"DET, PHI",39,33,6,14,13,0,6,1080,974,106,.902,3.03,-12.5,-7.3,-9.2,-12.0,125802,4,0,0,0,0,0,3,3,8.9%,2.78,8.97%,8.4,1888.2,885,97,.901,3.08,11,11,33.3%,8,4,208.5,89,9,.908,2.59,,,,247,55,.777,410,34,407,15,.904,912,78,.914,142,25,.824,26,3,.885,.900,2028,1516,1080,96.7,106,391,391,59,.930,.910,-9.3,50.4%,655,645,669,1947,1501,1084,97,951,370,56,16,6,.893,2,1,,RFA,"$4,150,000","$4,000,000",14,113.8,4.8,,,,183,160,78,64,23,446,4987,14,4,10069,81,29,27.5
49,1982/03/02,Are,,SWE,SWE,73,180,L,2000,7,205,2005,13,8468685,Lundqvist,Henrik,NYR,63,61,2,26,26,0,7,2036,1862,174,.915,2.98,2.2,11.5,5.5,-10.6,210152,2,0,1,1,0,0,3,3,8.9%,2.69,8.83%,8.3,3429.4,1818,170,.914,2.97,32,33,54.1%,9,8,73.1,44,4,.917,3.28,,,,488,87,.822,736,68,813,19,.916,1717,141,.918,271,31,.886,48,2,.958,.914,3614,2743,2037,185.5,174,751,751,86,.937,.909,11.5,49.4%,1118,1146,1109,3120,2398,1774,157,1668,718,102,22,9,.912,2,4,NMC,UFA,"$9,000,000","$8,500,000",35,115.4,11.9,5,"Back, Flu",299,805,674,431,275,83,1859,23028,63,16,47132,404,79,159.8
50,1994/07/25,Tyumen,,RUS,RUS,75,207,L,2012,1,19,2014,4,8476883,Vasilevskiy,Andrei,TBL,65,64,1,44,17,0,3,2075,1908,167,.920,2.62,12.6,-2.0,13.3,8.6,229511,8,0,2,2,14,3,2,-1,10.9%,3.50,8.69%,8.5,3817.0,1904,167,.919,2.63,36,36,56.3%,8,2,8.2,4,0,1.000,0.00,,,,348,70,.799,877,77,850,20,.913,1707,121,.929,325,44,.865,43,2,.953,.920,3636,2767,2075,165.0,167,618,618,84,.940,.920,-2.0,51.7%,1319,1230,1319,3839,2897,2054,223,1995,715,120,16,1,.992,5,1,,RFA,"$3,000,000","$3,500,000",30,117.2,13.2,,,,155,145,85,49,11,382,4616,12,16,8779,75,17,28.7
51,1979/04/04,Montreal,QC,CAN,CAN,75,217,L,1997,1,4,1999,18,8466141,Luongo,Roberto,FLA,35,33,2,18,11,0,2,1143,1062,81,.929,2.47,17.9,21.3,20.1,11.5,117958,3,0,2,2,0,0,1,1,7.6%,2.66,8.84%,9.01,1934.4,1045,81,.928,2.51,22,20,60.6%,3,2,31.6,17,0,1.000,0.00,,,,257,50,.805,418,23,468,8,.929,950,64,.933,157,16,.898,36,1,.972,.929,1965,1499,1142,102.3,81,366,366,43,.946,.910,21.3,47.2%,639,714,675,1985,1562,1141,87,965,374,47,10,3,.936,3,0,M-NTC,UFA,"$6,714,000","$5,333,333",22,120.6,8.5,4,Upper body,195,1001,574,471,376,119,2393,29719,76,46,57531,340,68,212.5
52,1987/07/28,St. Paul,MN,USA,USA,72,191,L,2005,4,112,2010,7,8471774,Stalock,Alex,MIN,28,23,5,10,10,0,4,787,716,71,.910,2.85,-2.9,-5.9,-1.3,-1.6,89716,1,0,0,0,0,0,3,3,8.1%,2.33,8.85%,8.6,1361.8,663,65,.911,2.86,13,13,56.5%,3,1,133.5,53,6,.898,2.70,,,,147,31,.789,304,29,336,11,.904,599,51,.915,163,18,.890,25,2,.920,.911,1541,1137,787,65.1,71,236,236,38,.938,.917,-5.9,47.8%,489,534,467,1276,983,714,58,594,271,36,10,2,.944,2,1,,UFA,"$650,000","$650,000",12,113.0,4.2,,,,92,71,35,30,11,202,2272,5,4,4849,39,10,12.6
53,1994/05/25,Thunder Bay,ON,CAN,CAN,76,178,L,2012,3,83,2015,3,8476899,Murray,Matt,PIT,49,45,4,27,16,0,3,1423,1290,133,.907,2.92,-9.9,-3.7,-8.7,-25.8,163978,1,0,1,1,2,1,1,0,9.1%,3.12,8.76%,8.889,2600.8,1236,125,.908,2.88,19,20,44.4%,6,3,132.2,54,8,.871,3.63,,,,356,69,.806,552,45,515,19,.911,1163,103,.911,221,29,.869,39,1,.974,.907,2519,1906,1423,128.5,133,541,541,60,.930,.910,-4.5,53.9%,1030,881,941,2720,2068,1554,142,1430,589,83,9,2,.976,2,1,,RFA,"$3,750,000","$3,750,000",13,115.0,7.0,4,Upper body,195,111,105,68,28,8,269,3228,6,2,6248,55,10,20
54,1994/01/22,Concord,NH,USA,USA,78,223,L,2012,3,75,2016,2,8476903,Gillies,Jon,CGY,11,9,2,3,5,0,1,280,251,29,.896,2.88,-4.8,-2.3,-4.3,-19.0,36296,0,0,0,0,2,1,1,0,7.5%,2.68,8.86%,8.76,536.1,229,24,.905,2.69,5,5,55.6%,2,0,68.8,22,5,.815,4.36,,,,70,14,.800,103,11,107,4,.900,220,25,.886,46,4,.913,14,0,1.000,.893,512,393,280,26.7,29,107,107,17,.926,.905,-2.3,52.5%,217,196,188,693,536,361,27,355,155,18,,, ,,,,RFA,"$725,000","$725,000",6,119.5,1.1,,,,12,10,4,5,1,30,308,0,2,665,6,2,1.4
55,1989/10/02,Herning,,DNK,DNK,76,230,L,2012,3,87,2013,5,8475883,Andersen,Frederik,TOR,66,66,0,38,21,0,5,2211,2029,182,.918,2.81,9.3,22.2,12.3,-0.4,233311,5,0,1,1,2,1,6,5,10.4%,3.21,8.79%,8.19,3888.5,2029,182,.918,2.81,37,37,56.1%,8,3,0.0,0,0,.000,0.00,,,,507,104,.795,833,54,871,24,.919,1881,148,.921,271,30,.889,59,4,.932,.917,3956,3059,2211,204.2,182,754,754,106,.941,.908,22.2,46.4%,1277,1476,1342,3834,2828,2008,208,2176,840,120,33,7,.942,6,2,M-NTC,UFA,"$5,000,000","$5,000,000",42,120.2,13.6,4,Upper body,195,257,246,148,63,31,622,7568,15,24,14661,143,33,47.9
56,1995/04/19,Forssa,,FIN,FIN,71,180,L,2013,4,99,2015,3,8477424,Saros,Juuse,NSH,26,23,3,11,5,0,7,810,749,61,.925,2.45,9.1,16.6,11.4,2.6,89800,3,0,3,3,0,0,2,2,8.9%,2.73,8.99%,8.93,1406.1,710,59,.923,2.52,14,14,60.9%,2,0,90.6,39,2,.951,1.32,,,,185,29,.843,353,25,269,7,.928,657,46,.930,144,14,.903,9,1,.889,.925,1474,1108,810,77.6,61,308,308,32,.945,.904,16.6,47.6%,472,519,477,1490,1090,762,68,671,250,31,14,7,.774,0,4,,RFA,"$742,500","$692,500",11,118.8,5.6,,,,48,43,21,14,10,111,1447,4,0,2755,27,3,10
57,1994/04/28,Pori,,FIN,FIN,75,182,L,2012,3,62,2015,3,8476914,Korpisalo,Joonas,CBJ,18,17,1,8,8,0,1,564,506,58,.897,3.32,-9.2,-5.2,-6.5,-10.2,62929,0,0,0,0,0,0,0,0,7.9%,2.69,9.15%,8.5,1028.8,496,56,.899,3.27,7,7,41.2%,3,0,20.0,10,2,.833,6.00,,,,141,23,.837,208,26,215,9,.900,469,48,.898,75,8,.893,20,2,.900,.897,991,738,564,52.8,58,200,200,26,.921,.906,-5.2,52.9%,379,338,323,1012,817,596,47,510,191,24,5,0,1.000,2,0,,RFA,"$700,000","$900,000",7,114.6,2.2,,,,63,60,31,24,6,174,1934,1,2,3643,29,6,10.5
58,1995/04/10,North Bay,ON,CAN,CAN,76,210,L,,,,2017,1,8478965,Appleby,Ken,NJD,3,1,2,0,1,0,0,55,52,3,.945,1.45,1.8,2.2,2.1,0.0,7460,0,0,0,0,0,0,0,0,1.7%,0.48,9.52%,8.71,59.7,24,3,.889,3.01,0,0,0.0%,0,0,64.6,28,0,1.000,0.00,,,,13,1,.923,24,1,18,1,.945,45,2,.956,7,0,1.000,3,1,.667,.954,101,78,55,5.2,3,24,24,1,.962,.905,2.2,57.1%,44,33,29,105,77,59,1,45,20,0,,, ,,,,RFA,"$690,000","$635,000",2,99.4,0.5,,,,3,1,0,1,0,3,55,0,0,124,0,0,0.5
59,1989/12/29,Toijala,,FIN,FIN,73,205,L,2008,4,106,2017,1,8474667,Sateri,Harri,FLA,9,7,2,4,4,0,0,271,247,24,.911,2.92,-0.5,-0.2,0.4,0.0,29556,0,0,0,0,0,0,0,0,7.4%,2.68,9.06%,9.77,413.3,204,17,.923,2.47,5,5,71.4%,0,0,79.3,43,7,.860,5.30,,,,62,16,.742,100,5,109,3,.912,219,17,.922,41,5,.878,11,2,.818,.913,455,361,271,23.8,24,82,82,16,.934,.912,-.2,55.0%,183,150,156,534,419,297,22,253,89,12,,, ,,,,UFA,"$750,000","$750,000",2,120.5,1.5,,,,9,7,4,4,0,24,271,0,0,493,5,0,1.5
60,1985/11/19,Calgary,AB,CAN,CAN,75,206,L,2004,3,89,2017,1,8471301,Glass,Jeff,CHI,15,13,2,3,7,0,3,452,406,46,.898,3.36,-6.9,-1.8,-5.6,0.0,49254,0,0,0,0,2,1,1,0,5.9%,1.97,8.92%,8.69,770.0,391,41,.905,3.19,5,6,46.2%,2,0,50.9,15,5,.750,5.90,,,,116,22,.810,195,19,141,5,.907,374,35,.906,69,9,.870,9,2,.778,.897,841,626,452,44.2,46,189,189,23,.927,.902,-1.8,53.9%,321,274,230,888,640,459,27,452,154,13,,, ,,,,UFA,"$650,000","$612,500",10,126.4,1.8,,,,15,13,3,7,3,46,452,0,2,821,5,2,1.8
61,1992/08/19,Jihlava,,CZE,CZE,75,202,L,,,,2016,2,8479496,Rittich,David,CGY,21,16,5,8,6,0,3,512,463,49,.904,2.92,-4.7,-3.7,-4.2,2.2,60494,0,0,0,0,14,3,1,-2,8.7%,2.86,8.75%,9,936.1,445,45,.908,2.88,10,10,62.5%,3,1,72.1,18,4,.818,3.33,,,,108,25,.769,181,18,223,6,.900,415,38,.908,84,10,.881,13,1,.923,.905,967,720,512,45.3,49,187,187,25,.932,.911,-3.7,49.9%,364,365,329,1039,776,551,48,521,218,26,6,4,.846,0,2,,RFA,"$725,000","$725,000",6,119.4,2.4,,,,22,16,8,6,3,50,522,0,14,1028,10,3,2.5
62,1990/01/10,North Vancouver,BC,CAN,CAN,76,195,L,,,,2013,5,8474889,Jones,Martin,SJS,60,60,0,30,22,0,6,1699,1554,145,.915,2.55,2.0,11.5,4.6,-2.8,204944,4,0,0,0,2,1,1,0,8.6%,2.78,8.81%,8.52,3415.7,1554,145,.915,2.55,36,36,60.0%,9,7,0.0,0,0,.000,0.00,,,,402,71,.823,646,58,652,16,.917,1418,122,.914,223,21,.906,58,2,.966,.914,3309,2379,1700,156.5,145,656,656,89,.939,.908,11.5,51.2%,1166,1111,1163,3478,2576,1837,158,1750,701,91,36,12,.868,4,3,,UFA,"$3,000,000","$3,000,000",13,119.2,9.9,4,Lower body,195,224,219,118,79,18,502,5965,19,2,12872,129,29,36.3
63,1986/01/29,Fussen,,DEU,DEU,73,227,L,2004,3,94,2007,9,8471306,Greiss,Thomas,NYI,27,25,2,13,8,0,2,879,784,95,.892,3.82,-18.9,-15.5,-18.5,-21.2,89505,1,0,0,0,0,0,0,0,11.8%,3.62,8.69%,8.18,1441.1,766,93,.892,3.87,9,9,36.0%,7,3,50.7,18,2,.900,2.37,,,,188,56,.702,355,31,336,8,.891,735,72,.902,119,20,.832,25,3,.880,.891,1575,1193,879,79.5,95,313,313,59,.920,.910,-15.5,49.0%,497,518,511,1400,1026,763,90,724,291,55,2,2,.964,0,1,,UFA,"$3,000,000","$3,333,333",15,119.7,3.0,4,Lower body,195,208,181,98,67,22,506,5775,8,6,11325,98,27,33.6
64,1995/12/08,San Diego,CA,USA,USA,76,192,L,2014,2,36,2017,1,8477967,Demko,Thatcher,VAN,1,1,0,1,0,0,0,30,26,4,.867,3.91,-1.4,-1.7,-1.6,0.0,3681,0,0,0,0,0,0,0,0,17.2%,4.89,8.16%,7.73,61.4,26,4,.867,3.91,0,0,0.0%,0,0,0.0,0,0,.000,0.00,,,,6,2,.667,13,2,11,0,.868,28,2,.929,2,2,.000,0,0,.000,.765,63,43,30,2.4,4,9,9,1,.907,.922,-1.7,28.9%,11,27,29,45,38,29,5,29,11,2,,, ,,,,RFA,"$925,000","$925,000",1,105.6,0.0,,,,1,1,1,0,0,4,30,0,0,61,0,0,0
65,1993/05/19,Commerce,MI,USA,USA,76,207,L,2012,5,130,2015,3,8476945,Hellebuyck,Connor,WPG,67,64,3,44,11,0,9,2048,1892,156,.924,2.36,21.2,19.0,24.6,27.5,237954,6,0,2,2,0,0,2,2,10.8%,3.39,8.80%,8.8,3858.0,1834,153,.923,2.38,39,39,60.9%,6,1,108.0,58,3,.951,1.67,,,,404,76,.812,754,59,889,21,.919,1599,114,.929,385,38,.901,64,4,.938,.925,3849,2855,2047,175.0,156,657,657,83,.945,.915,19.0,49.0%,1358,1415,1243,3799,2867,2071,224,1853,683,95,22,6,.937,4,2,,RFA,"$2,250,000","$2,250,000",38,115.7,14.0,,,,149,143,83,41,14,358,4303,12,0,8433,78,21,26.4
66,1993/07/14,Pittsburgh,PA,USA,USA,75,223,L,2011,2,39,2013,5,8476434,Gibson,John,ANA,60,60,0,31,18,0,7,1872,1733,139,.926,2.43,23.0,32.5,25.5,7.7,205709,4,0,1,1,16,4,3,-1,9.5%,2.77,8.79%,8.49,3428.5,1733,139,.926,2.43,39,36,60.0%,4,9,0.0,0,0,.000,0.00,,,,435,75,.828,806,54,632,10,.930,1525,111,.927,299,25,.916,48,3,.938,.926,3540,2674,1873,171.5,139,723,723,84,.948,.908,32.5,46.4%,1052,1213,1089,3142,2389,1670,158,1565,662,102,19,7,.931,1,3,,RFA,"$2,100,000","$2,300,000",24,116.9,13.2,4,Upper body,195,178,171,93,55,20,389,5062,16,22,10194,104,18,34.9
67,1995/04/29,Surrey,BC,CAN,CAN,74,194,L,2013,2,44,2016,2,8477465,Jarry,Tristan,PIT,26,23,3,14,6,0,2,687,624,63,.908,2.77,-3.5,0.9,-2.8,19.4,81836,2,0,2,2,4,2,3,1,10.0%,3.39,8.73%,9.42,1247.7,579,55,.913,2.64,14,13,56.5%,4,5,116.3,45,8,.849,4.13,,,,150,34,.773,264,24,273,5,.908,561,51,.909,104,11,.894,22,1,.955,.908,1284,931,687,63.9,63,272,272,43,.932,.907,.9,48.8%,450,472,435,1348,1047,767,77,721,269,38,3,2,.947,0,1,,RFA,"$650,000","$630,833",10,115.8,3.5,,,,27,24,14,7,2,66,712,2,4,1423,14,4,3.6
68,1992/12/27,Karkkila,,FIN,FIN,73,188,L,2011,2,49,2015,2,8476444,Gibson,Christopher,NYI,8,8,0,2,3,0,2,284,258,26,.908,3.65,-1.4,0.6,-0.8,7.6,25612,0,0,0,0,0,0,0,0,9.2%,2.81,8.88%,9.49,426.9,258,26,.908,3.65,5,5,62.5%,3,2,0.0,0,0,.000,0.00,,,,64,12,.813,113,12,107,2,.911,233,20,.914,48,5,.896,3,1,.667,.905,514,392,284,26.6,26,110,110,17,.934,.906,.6,41.9%,127,176,139,396,291,217,20,226,92,10,3,2,.800,0,1,,UFA,"$650,000","$650,000",5,127.9,1.5,,,,12,10,3,4,3,37,377,0,0,621,5,4,1.6
69,1996/05/11,Comox,BC,CAN,CAN,78,202,L,2015,3,76,2017,1,8478499,Hill,Adin,ARI,4,4,0,1,3,0,0,129,115,14,.891,3.49,-2.8,0.3,-2.9,0.0,14445,0,0,0,0,0,0,0,0,8.1%,2.24,8.62%,9.09,240.8,115,14,.891,3.49,2,2,50.0%,1,0,0.0,0,0,.000,0.00,,,,41,8,.805,41,2,48,4,.905,118,12,.898,9,2,.778,2,0,1.000,.883,237,182,130,14.3,14,63,63,8,.923,.890,.3,53.4%,86,75,77,211,148,111,9,104,47,3,5,1,.667,1,0,,RFA,"$742,500","$725,833",3,111.7,0.4,,,,4,4,1,3,0,14,129,0,0,241,2,1,0.4
70,1996/03/29,Traverse City,MI,USA,USA,76,209,L,2014,2,59,2017,1,8477990,Halverson,Brandon,NYR,1,0,1,0,0,0,0,6,5,1,.833,4.78,-0.5,-0.1,-0.5,0.0,753,0,0,0,0,0,0,0,0,9.1%,4.78,,9,,,,.000,0.00,0,,0.0%,,,12.6,5,1,.833,4.78,,,,2,1,.500,1,0,3,0,.888,6,1,.833,0,0,.000,0,0,.000,.687,8,7,6,0.9,1,3,3,1,.857,.853,-.1,100.0%,8,0,4,18,14,11,1,7,2,0,,, ,,,,RFA,"$742,500","$772,500",0,124.3,0.0,,,,1,0,0,0,0,1,6,0,0,13,0,0,0
71,1995/07/06,Edmonton,AB,CAN,CAN,73,175,L,2013,2,59,2016,2,8477480,Comrie,Eric,WPG,3,3,0,1,2,0,0,94,82,12,.872,3.99,-3.9,-3.5,-4.4,-2.4,10826,0,0,0,0,0,0,0,0,7.3%,2.66,8.11%,6.87,180.4,82,12,.872,3.99,1,1,33.3%,0,0,0.0,0,0,.000,0.00,,,,22,7,.682,32,3,40,2,.874,85,11,.871,7,1,.857,2,0,1.000,.872,143,116,94,8.5,12,30,30,9,.897,.910,-3.5,56.8%,71,54,58,203,146,110,8,91,29,4,,, ,,,,RFA,"$692,500","$645,000",1,115.1,0.1,,,,4,4,2,2,0,16,133,0,0,239,1,0,0.3
72,1984/02/29,Saskatoon,SK,CAN,CAN,73,185,L,2002,1,25,2005,13,8470320,Ward,Cam,CAR,43,42,1,23,14,0,4,1187,1075,112,.906,2.73,-9.3,-10.2,-6.5,-4.2,147560,2,0,0,0,14,3,0,-3,8.9%,2.95,8.88%,7.98,2412.4,1052,110,.905,2.74,21,23,54.8%,10,3,46.9,23,2,.920,2.56,,,,253,55,.783,410,43,523,14,.901,1021,89,.913,140,19,.864,26,4,.846,.904,2155,1632,1187,101.8,112,435,435,60,.931,.914,-10.2,54.1%,870,737,784,2595,1953,1364,121,1271,541,71,5,1,.986,1,0,M-NTC,UFA,"$3,100,000","$3,300,000",15,115.9,5.8,,,,668,568,318,244,84,1728,18989,27,44,38436,303,88,109.1
73,1988/03/23,Ústí nad Labem,,CZE,CZE,73,209,L,2006,2,34,2008,10,8473607,Neuvirth,Michal,PHI,22,18,4,9,7,0,3,530,485,45,.915,2.60,0.9,2.6,2.4,1.9,62323,1,0,1,1,0,0,1,1,8.1%,2.54,8.94%,8.93,975.1,461,44,.913,2.71,10,9,50.0%,5,4,63.7,24,1,.960,0.94,,,,107,26,.757,193,13,230,6,.910,452,30,.934,63,12,.810,15,3,.800,.912,985,724,530,47.6,45,178,178,26,.938,.910,2.6,47.6%,340,374,326,1015,760,544,44,507,193,19,16,4,.789,1,3,,UFA,"$2,500,000","$2,500,000",8,115.5,3.1,13,"Lower body, Undisclosed",469,250,221,104,89,25,600,6800,11,6,13486,116,33,39.3
74,1994/07/22,Moravska Trebova,,CZE,CZE,74,190,L,2012,7,184,2016,2,8476986,Langhamer,Marek,ARI,1,0,1,0,0,0,0,10,10,0,1.000,0.00,0.9,0.8,0.9,1.3,1733,0,0,0,0,0,0,0,0,13.3%,4.15,,2,,,,.000,0.00,0,,0.0%,,,28.9,10,0,1.000,0.00,,,,2,0,1.000,3,0,5,0,1.000,7,0,1.000,3,0,1.000,0,0,.000,.972,27,20,10,0.8,0,2,2,0,1.000,.920,.8,55.0%,11,9,10,32,19,15,2,18,10,1,,, ,,,,RFA,"$660,000","$660,000",0,122.6,0.2,,,,2,0,0,0,0,1,18,0,0,45,0,0,0.2
75,1993/07/31,Lugnvik,,SWE,SWE,76,221,L,2012,6,163,2015,3,8476999,Ullmark,Linus,BUF,5,3,2,1,2,0,0,123,115,8,.935,2.00,2.6,0.6,2.4,2.6,14418,0,0,0,0,0,0,0,0,3.0%,1.00,8.50%,8.36,178.4,93,6,.939,2.02,2,2,66.7%,0,0,61.9,22,2,.917,1.94,,,,17,5,.706,43,3,63,0,.908,114,6,.947,8,2,.750,1,0,1.000,.920,214,174,123,8.6,8,35,35,6,.954,.930,.6,48.0%,82,89,65,235,179,132,4,114,43,3,,, ,,,,RFA,"$700,000","$750,000",1,112.1,1.0,4,Undisclosed,195,26,24,9,13,2,60,724,0,0,1430,15,4,4.4
76,1985/05/13,Bratislava,,SVK,SVK,71,183,L,2003,9,271,2006,12,8470860,Halak,Jaroslav,NYI,54,49,5,20,26,0,6,1744,1583,161,.908,3.19,-10.1,0.3,-8.3,-16.3,181443,1,0,0,0,4,2,2,0,9.3%,2.82,8.74%,8.36,2899.0,1533,157,.907,3.25,22,22,44.9%,8,2,125.0,50,4,.926,1.92,,,,398,89,.776,703,50,629,21,.910,1420,117,.918,270,37,.863,54,7,.870,.908,3102,2346,1744,160.3,161,656,656,97,.931,.908,-.7,44.7%,893,1103,934,2789,2070,1534,142,1476,612,79,14,2,.975,3,1,,UFA,"$5,000,000","$4,500,000",35,116.9,8.9,2,Illness,110,449,418,232,150,48,1076,12769,42,14,25821,234,53,80.8
77,1986/06/10,Saskatoon,SK,CAN,CAN,75,197,L,2006,5,125,2009,8,8473434,Johnson,Chad,BUF,36,29,7,10,17,0,3,962,857,105,.891,3.55,-21.7,-18.3,-18.9,-23.1,106412,0,0,0,0,0,0,4,4,9.4%,2.84,8.93%,8.53,1567.9,778,93,.893,3.56,12,12,41.4%,6,5,205.6,79,12,.868,3.50,,,,213,59,.723,344,37,402,8,.890,796,79,.901,145,23,.841,21,3,.857,.891,1691,1321,963,85.7,105,317,317,64,.921,.911,-19.3,51.9%,630,584,596,1573,1234,892,84,755,303,44,,, ,,,,UFA,"$2,500,000","$2,500,000",11,110.4,3.1,2,Head,61,173,153,78,61,15,419,4651,7,0,9490,80,24,25.5
78,1993/01/12,Saint-Augustin,QC,CAN,CAN,74,190,L,,,,2017,1,8476509,Lagace,Maxime,VGK,16,14,2,6,7,0,1,430,373,57,.867,3.92,-19.8,-16.2,-19.0,0.0,52411,0,0,0,0,0,0,2,2,10.4%,3.50,8.81%,8.87,810.9,353,49,.878,3.63,5,6,42.9%,3,2,62.6,20,8,.714,7.66,,,,100,30,.700,186,18,145,9,.872,339,42,.876,81,14,.827,10,1,.900,.870,820,596,431,40.8,57,156,156,33,.904,.905,-16.2,47.9%,302,328,335,870,650,489,51,452,171,28,3,1,.964,0,1,,UFA,"$650,000","$650,000",8,116.1,0.3,,,,16,14,6,7,1,57,430,0,0,874,5,3,0.3
79,1985/04/09,Newmarket,ON,CAN,CAN,74,209,L,2003,9,291,2007,11,8470880,Elliott,Brian,PHI,43,42,1,23,11,0,7,1228,1116,112,.909,2.66,-5.7,-5.9,-5.0,-5.6,151320,1,0,1,1,2,1,1,0,9.6%,3.00,8.71%,8.26,2498.7,1103,112,.908,2.69,20,22,52.4%,6,2,23.3,13,0,1.000,0.00,,,,265,58,.781,452,42,500,11,.907,1030,77,.925,154,29,.812,44,6,.864,.907,2371,1743,1228,105.1,112,452,452,62,.936,.914,-6.9,49.2%,818,846,818,2310,1750,1306,126,1128,430,62,9,5,.919,1,2,,UFA,"$2,500,000","$2,750,000",18,111.4,6.4,4,Lower body,195,415,380,214,128,42,941,10798,37,8,23072,212,64,64.4
80,1988/05/29,Oakville,ON,CAN,CAN,76,210,R,2006,3,69,2008,10,8473461,Mason,Steve,WPG,13,12,1,5,6,0,1,392,355,37,.906,3.24,-3.1,0.5,-4.6,-2.0,41093,1,0,1,1,0,0,0,0,7.9%,2.54,8.25%,7.54,664.9,350,37,.904,3.34,5,5,41.7%,3,2,20.0,5,0,1.000,0.00,,,,96,22,.771,137,11,159,4,.909,304,27,.911,77,10,.870,11,0,1.000,.908,716,538,392,37.5,37,137,137,18,.931,.904,.5,50.0%,238,238,215,667,511,367,29,313,134,14,,, ,,,,UFA,"$4,100,000","$4,100,000",9,121.2,1.9,4,Knee,195,476,457,205,183,64,1211,13559,34,22,26947,233,87,77.8
81,1986/05/07,Ust-Kamenogorsk,,KAZ,RUS,71,195,L,2004,7,206,2009,9,8471418,Khudobin,Anton,BOS,31,29,2,16,6,0,7,876,800,76,.913,2.56,-0.2,5.5,-0.3,-2.5,106843,1,0,2,2,2,1,2,1,9.5%,3.13,8.63%,8.51,1721.4,778,74,.913,2.58,16,16,55.2%,4,1,59.3,22,2,.917,2.02,,,,217,43,.802,324,26,335,7,.917,689,57,.917,144,16,.889,43,3,.930,.913,1623,1216,876,81.5,76,312,312,44,.938,.907,5.5,52.5%,625,565,621,1780,1351,977,93,906,337,44,18,4,.909,1,2,,UFA,"$1,200,000","$1,200,000",14,114.7,5.0,4,Lower body,195,147,135,67,51,16,336,3973,6,8,8147,74,24,24.5
82,1986/04/28,Plymouth,,GBR,GBR,72,198,L,2004,7,221,2007,3,8471433,Taylor,Daniel,OTT,1,1,0,0,1,0,0,34,30,4,.882,4.10,-1.1,-1.5,-0.9,-0.5,3509,0,0,0,0,0,0,0,0,7.4%,2.05,9.24%,8.35,58.5,30,4,.882,4.10,0,0,0.0%,0,0,0.0,0,0,.000,0.00,,,,5,2,.600,16,2,13,0,.864,31,3,.903,3,1,.667,0,0,.000,.843,63,49,34,2.5,4,9,9,1,.918,.928,-1.5,35.7%,15,27,16,40,36,27,2,19,5,1,,, ,,,,UFA,"$850,000","$850,000",0,105.7,0.1,,,,4,3,1,2,0,12,112,0,0,198,1,0,0.4
83,1987/01/03,Bulach,,CHE,CHE,76,218,L,2006,4,106,2013,5,8473499,Berra,Reto,ANA,5,1,4,1,1,0,0,95,88,7,.926,2.31,1.2,1.7,1.2,2.2,10917,0,0,0,0,0,0,0,0,6.3%,1.98,8.73%,9.09,65.0,40,2,.952,1.85,1,1,100.0%,0,0,117.0,48,5,.906,2.56,,,,20,4,.800,36,2,39,1,.924,66,3,.955,29,4,.862,0,0,.000,.914,191,139,95,8.7,7,37,37,3,.950,.908,1.7,50.0%,62,62,64,172,131,96,6,85,36,5,9,3,.400,1,0,,UFA,"$700,000","$700,000",5,119.7,0.7,,,,76,58,20,36,4,175,1837,3,4,3682,27,13,8.9
84,1988/03/15,Morweena,MB,CAN,CAN,74,217,L,2006,4,99,2010,8,8473503,Reimer,James,FLA,44,42,2,22,14,0,6,1373,1253,120,.913,2.99,-1.2,9.8,0.5,-3.8,144685,4,0,1,1,4,2,7,5,9.8%,3.16,8.76%,8.72,2355.5,1226,116,.914,2.95,22,22,52.4%,8,6,55.9,27,4,.871,4.29,,,,331,64,.807,518,44,523,12,.916,1110,95,.914,236,23,.903,27,2,.926,.913,2457,1861,1373,129.8,120,471,471,74,.936,.905,9.8,43.6%,763,988,862,2259,1752,1294,127,1087,385,69,14,5,.928,0,3,,UFA,"$3,200,000","$3,400,000",12,117.3,7.7,5,Groin,207,302,277,131,108,34,759,8921,21,12,16393,143,48,54.5
85,1982/01/17,,,,,,,,,,,2017,1,8479138,Foster,Scott,CHI,1,0,1,0,0,0,0,7,7,0,1.000,0.00,0.6,0.5,0.7,0.0,841,0,0,0,0,0,0,0,0,0.0%,0.00,,7,,,,.000,0.00,0,,0.0%,,,14.0,7,0,1.000,0.00,,,,1,0,1.000,4,0,2,0,1.000,6,0,1.000,1,0,1.000,0,0,.000,.972,18,11,7,0.5,0,2,2,0,1.000,.930,.5,41.7%,5,7,0,16,11,10,0,9,4,0,,, ,,,,,,,0,145.5,0.1,,,,1,0,0,0,0,0,7,0,0,14,0,0,0.1
86,1982/11/03,Kempele,,FIN,FIN,77,217,L,2004,8,258,2005,12,8471469,Rinne,Pekka,NSH,59,59,0,42,13,0,4,1840,1706,134,.927,2.31,25.2,24.6,26.2,17.9,208527,8,0,1,1,6,3,4,1,10.0%,3.16,8.71%,8.6,3475.5,1706,134,.927,2.31,40,40,67.8%,5,3,0.0,0,0,.000,0.00,,,,400,69,.828,656,47,785,18,.925,1480,91,.939,302,40,.868,58,3,.948,.928,3302,2465,1841,158.6,134,619,619,72,.946,.914,24.6,47.5%,1204,1329,1160,3344,2537,1822,183,1536,595,100,34,7,.930,6,3,"M-NTC, NMC",UFA,"$7,000,000","$7,000,000",33,114.7,13.2,,,,567,555,311,168,66,1301,15976,51,52,32895,323,81,105.7
87,1983/08/29,Vantaa,,FIN,FIN,74,215,L,,,,2008,10,8474550,Niemi,Antti,"PIT, FLA, MTL",24,20,4,7,9,0,4,710,647,63,.911,3.12,-1.6,3.2,2.4,-1.1,72786,1,0,1,1,0,0,2,2,8.1%,2.32,9.26%,9.38,1105.9,586,55,.914,2.98,12,12,60.0%,4,2,107.2,61,8,.884,4.48,,,,166,35,.789,285,24,259,4,.915,553,40,.928,140,23,.836,17,0,1.000,.916,1333,1005,710,66.2,63,269,269,36,.937,.907,3.2,45.9%,377,445,400,1097,802,579,47,538,233,25,9,4,.840,0,3,,UFA,"$700,000","$700,000",6,120.2,3.9,4,Lower body,195,447,426,234,134,55,1062,12173,36,8,25296,227,63,72.1
88,1988/08/07,Laval,QC,CAN,CAN,72,184,L,2006,1,11,2007,10,8473541,Bernier,Jonathan,COL,37,34,3,19,13,0,3,1092,997,95,.913,2.85,-0.5,-7.8,-0.2,-1.7,120083,2,0,1,1,0,0,1,1,10.5%,3.21,8.66%,8.73,1936.8,960,91,.913,2.82,18,17,50.0%,5,4,64.6,37,4,.902,3.72,,,,196,45,.770,382,34,509,16,.903,865,67,.923,200,22,.890,27,6,.778,.914,2011,1498,1093,87.2,95,353,353,53,.937,.920,-7.8,44.7%,613,757,642,1832,1366,1018,107,889,321,53,3,2,.962,0,1,,UFA,"$2,750,000","$2,750,000",5,115.2,6.2,4,Neck,195,289,261,128,108,30,708,8264,16,10,15861,143,41,49.8
89,1991/08/13,Rochester,NH,USA,USA,72,181,L,,,,2017,1,8479193,DeSmith,Casey,PIT,14,11,3,6,4,0,1,356,328,28,.921,2.40,2.8,7.8,3.1,0.0,42009,1,0,0,0,2,1,1,0,9.5%,3.09,8.64%,8.62,602.2,299,24,.926,2.39,7,7,63.6%,1,1,97.9,29,4,.879,2.45,,,,103,22,.786,118,4,135,2,.934,284,19,.933,48,8,.833,24,1,.958,.919,665,490,356,35.8,28,156,156,22,.943,.899,7.8,50.3%,235,232,244,676,511,377,36,361,139,16,,, ,,,,UFA,"$700,000","$675,000",5,114.9,2.3,,,,14,11,6,4,1,28,356,1,2,700,7,1,2.3
90,1990/01/31,Gävle,,SWE,SWE,78,196,L,2008,2,31,2010,8,8474593,Markstrom,Jacob,VAN,60,57,3,23,26,0,7,1745,1591,154,.912,2.71,-3.0,-4.1,-1.8,10.9,204823,2,0,3,3,4,2,5,3,8.6%,2.51,8.71%,8.64,3325.5,1560,151,.912,2.72,29,30,52.6%,8,3,88.2,31,3,.912,2.04,,,,368,77,.791,640,55,709,19,.910,1457,112,.923,230,37,.839,58,5,.914,.910,3226,2432,1747,146.9,154,605,605,81,.937,.916,-7.1,49.3%,1115,1148,1052,3027,2267,1657,143,1510,596,83,19,8,.904,0,4,,UFA,"$3,400,000","$3,666,667",29,109.9,9.6,1,Undisclosed,45,169,153,59,79,19,437,4740,2,10,9259,74,25,24.7
91,1990/08/07,Fredericton,NB,CAN,CAN,74,203,L,2008,2,34,2012,5,8474596,Allen,Jake,STL,59,56,3,27,25,0,3,1614,1462,152,.906,2.75,-12.3,-15.9,-8.8,-15.0,199018,1,0,1,1,0,0,1,1,8.4%,2.70,8.89%,8.8,3204.3,1417,146,.907,2.73,27,29,51.8%,8,5,112.6,45,6,.882,3.20,,,,327,69,.789,633,62,654,21,.903,1357,110,.919,217,36,.834,40,6,.850,.904,3019,2186,1614,136.1,152,509,509,79,.930,.916,-15.9,49.5%,1094,1117,1058,3242,2411,1765,149,1586,542,69,2,0,1.000,1,0,,UFA,"$3,850,000","$4,350,000",21,113.3,7.9,,,,219,205,117,71,15,503,5749,16,6,12199,109,35,33
92,1985/12/19,Thunder Bay,ON,CAN,CAN,73,202,L,,,,2012,6,8475622,Hutton,Carter,STL,32,26,6,17,7,0,3,810,754,56,.931,2.09,14.1,16.9,15.9,16.6,96572,3,0,0,0,2,1,2,1,7.7%,2.50,8.89%,9.26,1461.2,696,45,.939,1.85,19,19,73.1%,2,3,148.4,58,11,.841,4.45,,,,180,37,.794,292,13,338,6,.930,670,43,.936,111,10,.910,29,3,.897,.931,1526,1086,810,72.9,56,300,300,39,.948,.910,16.9,49.1%,551,572,477,1581,1200,872,67,769,253,27,4,0,1.000,2,0,,UFA,"$1,000,000","$1,125,000",11,115.8,6.2,12,"Lower body, Neck",305,138,114,63,39,17,290,3421,11,8,7202,58,17,20.6
93,1988/04/27,Samara,,RUS,RUS,74,209,L,2006,1,23,2008,10,8473575,Varlamov,Semyon,COL,51,47,4,24,16,0,6,1595,1467,128,.920,2.68,10.0,8.2,10.8,6.2,171663,2,0,0,0,2,1,3,2,10.7%,3.02,8.71%,8.66,2764.1,1433,121,.922,2.63,28,28,59.6%,5,3,97.0,34,7,.829,4.33,,,,328,68,.793,575,38,692,22,.916,1299,100,.923,248,23,.907,48,5,.896,.920,2982,2215,1595,136.2,128,549,549,65,.942,.915,8.2,49.2%,907,936,907,2512,1859,1349,144,1251,443,65,6,1,.985,2,0,,UFA,"$5,750,000","$5,900,000",16,115.2,10.2,8,"Illness, Knee",483,399,382,193,150,41,1009,12065,23,20,22832,214,53,76
94,1981/05/21,Park Ridge,IL,USA,USA,74,185,L,2001,3,73,2002,15,8467950,Anderson,Craig,OTT,58,55,3,23,25,0,6,1768,1588,180,.898,3.32,-27.0,-19.6,-23.0,-32.0,195032,2,0,0,0,2,1,2,1,9.2%,2.75,8.85%,8.84,3160.6,1536,179,.896,3.40,25,26,47.3%,11,5,90.0,52,1,.981,0.67,,,,396,98,.753,640,55,723,25,.899,1473,145,.902,242,31,.872,53,4,.925,.898,3323,2447,1768,158.4,180,609,609,95,.926,.910,-21.6,49.8%,1070,1078,1126,3000,2244,1622,149,1413,561,77,23,8,.896,2,4,,UFA,"$3,100,000","$4,200,000",36,116.7,7.2,1,Illness,51,564,486,261,207,63,1474,17229,40,54,32072,270,72,107.9
95,1989/05/04,Airdrie,AB,CAN,CAN,72,200,L,,,,2016,2,8477180,Dell,Aaron,SJS,29,22,7,15,5,0,4,775,708,67,.914,2.64,0.1,4.5,-0.4,-13.2,91325,2,0,1,1,0,0,2,2,10.0%,3.15,8.56%,7.95,1320.9,635,60,.914,2.73,11,12,54.5%,4,0,201.2,73,7,.913,2.09,,,,192,41,.786,262,18,321,8,.917,640,54,.916,108,12,.889,27,1,.963,.913,1511,1077,774,71.5,67,306,306,45,.938,.908,4.5,49.6%,486,493,530,1567,1133,802,80,738,285,35,3,0,1.000,1,0,,UFA,"$675,000","$625,000",16,121.3,4.4,,,,49,39,26,11,5,104,1308,3,0,2633,23,5,8.7